sid,sdate,customer,address,phone,email,product,itemcount,unitprice,saletot
1751,13-Mar-17,"Plaister, Uriah","33 8th Way, TX, 78710",512 437 1710,uplaister0@hud.gov,Jewelery,7,6.54,45.78
1752,6-Feb-15,"Havesides, Jacinda","77592 Ridgeway Park, FL, 32215",904 441 6602,jhavesides1@altervista.org,Kids,25,62.36,1559
1753,17-Jan-15,"Tomaselli, Drusi","23 Green Ridge Road, CA, 91606",323 404 8599,dtomaselli2@aol.com,Garden,2,38.73,77.46
1754,29-Jan-16,"Spencock, Scotty","0 Summerview Avenue, OR, 97296",503 421 2256,sspencock3@discovery.com,Toys,2,63.22,126.44
1755,16-Aug-17,"Bayles, Findlay","4919 Briar Crest Lane, NY, 14233",716 761 4057,fbayles4@washingtonpost.com,Games,10,85.25,852.5
1756,20-Jul-17,"McFetrich, Arluene","378 Towne Center, FL, 33013",305 601 3480,,Electronics,18,36.35,654.3
1757,17-Dec-15,"Riccardini, Bennie","6297 Scofield Lane, FL, 33421",561 414 2473,briccardini6@abc.net.au,Automotive,18,14.57,262.26
1758,7-Mar-16,"Jacquemet, Gabi","64 Eliot Park, HI, 96815",808 990 6661,gjacquemet7@sogou.com,Jewelery,1,99.35,99.35
1759,1-Nov-16,"Schwerin, Didi","580 Red Cloud Drive, CA, 92505",909 199 4910,,Computers,10,6.61,66.1
1760,1-Jul-15,"Geldeford, Amalia","9831 Linden Pass, TX, 77005",832 794 2396,,Movies,8,61.04,488.32
1761,30-Jul-17,"Vasyuchov, Jolyn","0808 Grim Court, DC, 20022",202 855 1075,jvasyuchova@ocn.ne.jp,Outdoors,20,46.51,930.2
1762,28-Oct-15,"Kidman, Winnifred","83 Ridge Oak Court, TX, 78210",210 515 9406,wkidmanb@huffingtonpost.com,Books,10,92.71,927.1
1763,14-May-16,"Cusack, Jo ann","0004 Jenna Circle, VT, 05609",802 477 7866,jcusackc@chicagotribune.com,Tools,20,43.5,870
1764,28-Sep-15,"Leggett, Quinlan","98543 Westridge Point, TX, 77255",713 256 4625,qleggettd@discuz.net,Kids,5,83.89,419.45
1765,5-Oct-15,"Culver, Christoforo","7 Troy Lane, OR, 97211",503 534 8505,cculvere@state.gov,Home,19,10.2,193.8
1766,28-Apr-15,"McKibbin, Kellina",", CA, 93721",559 656 7908,kmckibbinf@goo.ne.jp,Kids,14,98.46,1378.44
1767,1-Oct-16,"Gierth, Nate","7 Sutteridge Lane, IA, 50330",515 326 4882,ngierthg@ebay.co.uk,Kids,21,15.2,319.2
1768,16-Feb-17,"Harbison, Georgetta","75391 Glendale Junction, TN, 37205",615 461 7836,gharbisonh@indiegogo.com,Movies,14,11.4,159.6
1769,8-Aug-17,"Nudde, Wakefield","2 Bluejay Alley, CA, 92196",619 253 3033,,Automotive,20,12.51,250.2
1770,11-Dec-16,"Axford, Fielding","035 Amoth Avenue, CA, 92132",858 573 1721,faxfordj@reddit.com,Kids,9,23.4,210.6
1771,12-May-16,"Churchill, Tallie","29054 Sunbrook Pass, CA, 95194",,tchurchillk@usgs.gov,Health,12,84.53,1014.36
1772,13-Mar-17,"Sinclair, Andrey",", AL, 35231",205 573 9449,asinclairl@unicef.org,Movies,1,76.28,76.28
1773,24-May-15,"McCrory, Gauthier","177 Jay Trail, VA, 24515",434 925 0739,gmccrorym@prweb.com,Clothing,25,8.64,216
1774,16-Mar-15,"Stempe, Kevina","3 Mcguire Parkway, FL, 33196",305 202 1026,kstempen@xrea.com,Tools,25,61.19,1529.75
1775,2-Dec-15,"Hayen, Aurelie","9408 Clarendon Center, OR, 97211",208 138 7628,ahayeno@4shared.com,Music,9,85.85,772.65
1776,26-Sep-17,"Matevosian, Hunt","0472 Dunning Park, DC, 20215",202 576 8063,hmatevosianp@webeden.co.uk,Movies,2,30.87,61.74
1777,11-Aug-15,"Figiovanni, Liane","4 Hooker Hill, FL, 33543",,lfigiovanniq@amazonaws.com,Outdoors,9,63.25,569.25
1778,17-Nov-15,"Dartnall, Ashby","3843 Pepper Wood Road, KY, 40505",859 232 8407,adartnallr@last.fm,Beauty,6,28.98,173.88
1779,23-Dec-17,"O'Cahsedy, Sean","6562 Graceland Road, FL, 32526",,socahsedys@cnn.com,Grocery,15,66.92,1003.8
1780,26-Jun-16,"Lamball, Gus","38796 Ridge Oak Circle, MO, 64193",816 972 2354,glamballt@psu.edu,Health,4,47.7,190.8
1781,12-Oct-15,"Whitrod, Alyda","23305 Sunfield Avenue, TX, 77234",713 618 2804,awhitrodu@squarespace.com,Grocery,25,14.92,373
1782,21-Oct-17,"Clipson, Brockie","41 American Ash Circle, TX, 78783",,bclipsonv@fema.gov,Books,21,57.28,1202.88
1783,7-Aug-17,"Aleksankov, Shayla","28441 Forster Center, VA, 23324",757 219 8039,saleksankovw@pen.io,Electronics,21,85.16,1788.36
1784,17-Sep-16,"Youthed, Justis","255 Union Terrace, VA, 22309",703 394 4924,jyouthedx@myspace.com,Jewelery,5,68.19,340.95
1785,18-Aug-16,"Windibank, Valaria",", DE, 19886",,vwindibanky@adobe.com,Industrial,8,17.06,136.48
1786,29-May-17,"Deboick, Dani","556 Havey Junction, PA, 17605",717 556 1124,ddeboickz@ebay.co.uk,Grocery,5,5.39,26.95
1787,8-Jul-16,"Dwire, Mara","86528 Carey Street, OH, 45296",513 795 3447,mdwire10@icq.com,Grocery,25,79.45,1986.25
1788,7-Apr-15,"Galero, Hi","98568 Coolidge Crossing, TN, 37210",615 279 9070,hgalero11@so-net.ne.jp,Automotive,2,32.18,64.36
1789,13-May-17,"Gregorace, Paola","67 Stephen Drive, IN, 46278",317 464 1104,pgregorace12@samsung.com,Industrial,22,11.91,262.02
1790,19-Aug-15,"Tutin, Diann","4 Browning Plaza, NY, 10029",917 512 1984,dtutin13@privacy.gov.au,Electronics,13,28.15,365.95
1791,21-Jan-16,"Forge, Osbert","9 Carberry Alley, CA, 94807",510 299 6682,oforge14@answers.com,Toys,6,78.72,472.32
1792,14-Apr-16,"Buckenhill, Mandi","2258 East Hill, PA, 17405",717 403 4130,mbuckenhill15@umn.edu,Toys,7,78.19,547.33
1793,21-Aug-16,"Kopacek, Charlie","4 Rowland Junction, VA, 24040",540 592 0236,,Games,5,90.53,452.65
1794,9-Apr-17,"Lindermann, Nevile","985 Vernon Junction, IN, 47937",765 769 3522,nlindermann17@tuttocitta.it,Grocery,9,78.88,709.92
1795,27-Apr-15,"Doll, Keely","5898 Commercial Crossing, IN, 47705",812 946 2593,kdoll18@fema.gov,Computers,22,21.91,482.02
1796,18-Jul-15,"Winwood, Crin","935 Sutherland Street, ND, 58106",701 439 5253,cwinwood19@github.io,Sports,1,68.03,68.03
1797,3-Jun-17,"Lithgow, Leslie","140 Roxbury Plaza, OR, 97296",,llithgow1a@narod.ru,Tools,7,18.11,126.77
1798,17-Jul-15,"Widocks, Kevan","37 Killdeer Point, IN, 46614",574 521 7145,kwidocks1b@dot.gov,Garden,24,29.67,712.08
1799,31-Mar-15,"Osbiston, Rafaelia","15202 Acker Junction, TX, 79769",432 481 5917,,Beauty,25,23.66,591.5
1800,10-Aug-15,"Blackadder, Ezekiel",", NY, 10292",212 429 1295,eblackadder1d@ning.com,Toys,24,15.26,366.24
1801,17-Nov-17,"Sheaf, Boot","8518 Hoffman Crossing, FL, 32830",407 357 6985,bsheaf1e@hubpages.com,Computers,10,94.67,946.7
1802,20-Jun-17,"Klimas, Viviyan",", PA, 19495",484 907 2379,vklimas1f@dmoz.org,Grocery,19,5.74,109.06
1803,17-Feb-15,"Metzing, Margalit","35836 Magdeline Street, TX, 75226",903 165 0362,mmetzing1g@wp.com,Kids,6,75.06,450.36
1804,29-Jan-16,"Gasken, Marcellus","815 Buhler Avenue, TX, 76115",,mgasken1h@cafepress.com,Movies,7,19.76,138.32
1805,26-Feb-17,"Chestney, Janette","30461 Jackson Terrace, OH, 43231",614 581 6494,jchestney1i@technorati.com,Industrial,23,79.83,1836.09
1806,28-Nov-16,"Byas, Carroll","011 Village Green Road, AL, 36125",334 540 2056,cbyas1j@reuters.com,Computers,6,55.47,332.82
1807,28-Jul-16,"Heikkinen, Wyndham","33395 Bunker Hill Way, WA, 98687",360 180 5756,wheikkinen1k@histats.com,Home,17,86.18,1465.06
1808,22-Jun-17,"Wardroper, Dorry","78880 Mayfield Court, NY, 14269",716 148 5184,dwardroper1l@surveymonkey.com,Home,3,55.86,167.58
1809,22-Aug-16,"Rumgay, Rozanna","22637 Derek Plaza, NY, 10464",917 909 6407,rrumgay1m@furl.net,Clothing,14,4.96,69.44
1810,11-Apr-16,"Fley, Albert","3366 Lyons Circle, OH, 43615",419 929 0448,afley1n@buzzfeed.com,Computers,8,57.46,459.68
1811,25-Jun-16,"Caustick, Ajay","2536 Thompson Park, TX, 88535",,acaustick1o@cafepress.com,Beauty,9,83.22,748.98
1812,16-Jul-15,"Balme, Elsi",", AZ, 85284",480 961 0597,ebalme1p@sitemeter.com,Kids,3,74.22,222.66
1813,22-Oct-15,"Belch, Janessa","8 Arapahoe Circle, VA, 20167",571 567 4556,jbelch1q@cdbaby.com,Sports,9,50.14,451.26
1814,29-May-15,"Voller, Claudianus","78354 Dixon Lane, MN, 55146",651 315 1141,cvoller1r@nationalgeographic.com,Shoes,18,43.72,786.96
1815,24-Mar-16,"Kryzhov, Cleavland","880 Porter Street, CA, 91797",909 192 5669,ckryzhov1s@uiuc.edu,Grocery,15,62.91,943.65
1816,24-Apr-15,"Duncan, Angelika","03547 Jenifer Hill, OH, 45218",,aduncan1t@auda.org.au,Clothing,9,10.08,90.72
1817,5-Jun-15,"Creamer, Merci","6 Ruskin Alley, FL, 32309",850 687 5591,mcreamer1u@tinyurl.com,Games,4,48.61,194.44
1818,6-Mar-15,"Rawlins, Vanessa","0 Wayridge Place, WV, 25721",304 501 5903,vrawlins1v@issuu.com,Outdoors,11,36.12,397.32
1819,22-Jun-15,"Raccio, Brinna","61 Bowman Junction, NC, 27626",919 345 0516,braccio1w@foxnews.com,Movies,8,24.71,197.68
1820,11-Jan-15,"Duigan, Prue","405 5th Plaza, NY, 13217",,pduigan1x@sfgate.com,Automotive,9,2.19,19.71
1821,19-Aug-17,"Hancill, Cherye","7 Lindbergh Trail, NE, 68179",402 991 5026,chancill1y@shinystat.com,Clothing,19,50.5,959.5
1822,7-Jan-16,"Speakman, Cullie","066 Delaware Pass, VA, 23436",757 270 8954,cspeakman1z@about.com,Baby,7,37.57,262.99
1823,3-May-17,"Aysik, Cord","30965 Golf View Point, OH, 45440",937 131 4626,,Jewelery,8,59.8,478.4
1824,26-Jun-15,"Jewkes, Garland","826 Ridge Oak Road, KS, 66205",,gjewkes21@imageshack.us,Electronics,5,20.56,102.8
1825,20-May-16,"Leatham, Patricio","2 Morrow Plaza, FL, 32891",407 920 4511,,Electronics,17,27.9,474.3
1826,20-Jul-15,"Magrannell, Delmor","410 3rd Hill, CO, 80915",719 673 0976,dmagrannell23@mayoclinic.com,Beauty,7,68.78,481.46
1827,24-Sep-16,"Feake, Brittne","5 Banding Parkway, TX, 78240",210 909 0369,bfeake24@technorati.com,Beauty,12,32.06,384.72
1828,21-Jan-16,"Goomes, Ricki","19724 Northland Way, TX, 77288",713 148 8433,rgoomes25@google.co.uk,Music,2,11.79,23.58
1829,8-Oct-17,"Jarratt, Ailee","70666 Rigney Alley, AL, 35220",205 466 7730,ajarratt26@biblegateway.com,Music,13,73.05,949.65
1830,7-Aug-17,"Frangione, Shelli","74 Nancy Crossing, AR, 72222",501 717 1249,,Industrial,18,53.27,958.86
1831,24-Dec-16,"Korous, Brietta",", PA, 19125",215 662 7243,bkorous28@canalblog.com,Beauty,16,27.63,442.08
1832,25-Dec-16,"Pitsall, Zorina","0930 John Wall Court, CA, 90831",562 856 9620,,Clothing,23,4.22,97.06
1833,12-Jul-16,"Bichener, Guglielma","69631 Schmedeman Hill, DC, 20057",202 378 4565,gbichener2a@walmart.com,Grocery,3,70,210
1834,21-Sep-17,"Feldheim, Marlena","637 Straubel Way, NY, 14646",585 826 1170,mfeldheim2b@domainmarket.com,Music,16,20.9,334.4
1835,3-Sep-16,"Jeaycock, Petr","21 Stang Alley, VA, 23213",804 920 0882,pjeaycock2c@prweb.com,Baby,23,5.34,122.82
1836,30-Apr-16,"Riveles, Cherrita","4819 Division Parkway, AZ, 85040",480 386 4490,criveles2d@privacy.gov.au,Clothing,15,46.5,697.5
1837,17-Apr-16,"Siggins, Anthiathia","8632 Westridge Place, HI, 96840",808 987 3420,asiggins2e@auda.org.au,Jewelery,7,57.12,399.84
1838,27-Jul-17,"Ailmer, Claiborne","5 Comanche Park, NV, 89120",702 538 0185,cailmer2f@nationalgeographic.com,Beauty,18,58.16,1046.88
1839,9-Dec-17,"Farbrother, Sonny","488 Colorado Avenue, KS, 66215",,sfarbrother2g@instagram.com,Sports,14,83.98,1175.72
1840,26-Dec-16,"Chisholme, Minni",", FL, 33028",305 921 1604,mchisholme2h@mlb.com,Kids,20,56.17,1123.4
1841,20-Aug-17,"Ockenden, Petrina","93 Homewood Street, DC, 20041",703 958 8587,pockenden2i@about.me,Beauty,19,5.03,95.57
1842,22-Apr-17,"Witty, Fons","8841 Sutherland Place, WV, 25331",304 526 8929,fwitty2j@themeforest.net,Clothing,24,81.36,1952.64
1843,31-Oct-17,"Shawyers, Papageno","90612 Dayton Plaza, FL, 32854",407 552 2415,pshawyers2k@shinystat.com,Automotive,15,42.81,642.15
1844,10-Mar-16,"Finnes, Cymbre",", NV, 89714",775 762 4101,cfinnes2l@irs.gov,Garden,6,46.03,276.18
1845,10-Mar-16,"De Maine, Susy","118 Sycamore Place, TX, 78726",512 636 0465,sdemaine2m@geocities.com,Tools,7,9.41,65.87
1846,2-Jul-17,"Sussex, Arv","95369 Sugar Trail, CA, 92668",858 855 2046,asussex2n@ezinearticles.com,Computers,8,64.06,512.48
1847,18-Feb-16,"Corballis, Taylor","283 Bunting Crossing, NC, 28272",704 920 2520,tcorballis2o@eepurl.com,Garden,21,86.25,1811.25
1848,10-Feb-16,"Pidgen, Quinlan","649 Westridge Center, GA, 31136",404 121 4895,qpidgen2p@weebly.com,Tools,17,99.67,1694.39
1849,24-Sep-17,"Kitching, Danielle","45 Westerfield Park, MN, 55423",763 479 9080,dkitching2q@last.fm,Home,8,14.87,118.96
1850,28-Aug-15,"Swetmore, Hana","1232 Surrey Point, DC, 20238",202 748 6512,hswetmore2r@people.com.cn,Games,6,17.9,107.4
1851,27-Oct-17,"Coleborn, Ardelle","763 Mallard Terrace, AK, 99790",907 354 0068,acoleborn2s@github.io,Kids,11,12.89,141.79
1852,12-Mar-17,"Ebdon, Maybelle","6 Dapin Place, SC, 29208",803 717 1834,mebdon2t@pbs.org,Industrial,23,65.98,1517.54
1853,27-Nov-16,"Sperrett, Valentin","3676 Bluestem Alley, TX, 77085",281 366 9506,vsperrett2u@dmoz.org,Outdoors,14,64.04,896.56
1854,4-Feb-15,"Siderfin, Tanny",", TX, 78465",361 509 0958,tsiderfin2v@dailymotion.com,Electronics,21,13.81,290.01
1855,27-Nov-15,"Chalmers, Kittie","18 Meadow Ridge Lane, MN, 55551",952 964 2898,kchalmers2w@google.com.hk,Clothing,17,31.69,538.73
1856,8-Feb-16,"Whetnall, Maitilde","228 Harper Street, WA, 98115",,mwhetnall2x@columbia.edu,Beauty,1,43.7,43.7
1857,9-Aug-17,"Lowthian, Zilvia","6874 Cottonwood Hill, MN, 55579",952 806 0861,zlowthian2y@oakley.com,Computers,7,74.79,523.53
1858,4-May-16,"Hawkin, Clarissa","64 Karstens Court, GA, 30905",,chawkin2z@soup.io,Industrial,18,9.26,166.68
1859,5-Jun-17,"Sygrove, Torre","24 Cardinal Parkway, WV, 25726",304 228 6003,tsygrove30@yellowpages.com,Outdoors,8,8.83,70.64
1860,27-Jun-16,"Jepp, Aleece","5655 Gale Avenue, FL, 32505",850 447 3712,ajepp31@hatena.ne.jp,Beauty,1,58.89,58.89
1861,31-Oct-17,"Smithson, Bamby",", IN, 46266",317 872 4465,bsmithson32@mashable.com,Games,2,15.66,31.32
1862,22-Apr-17,"Ratlee, Fairleigh","8282 Bashford Pass, FL, 32575",850 504 4459,fratlee33@wunderground.com,Health,14,11.39,159.46
1863,29-Jan-16,"Waghorn, Dorrie",", NC, 27690",,dwaghorn34@nifty.com,Automotive,13,31.58,410.54
1864,29-Jan-15,"Dalligan, Vick",", TX, 78265",,vdalligan35@wp.com,Garden,22,11.35,249.7
1865,22-Aug-16,"McGready, Glynn","1 Thackeray Pass, DC, 20078",,gmcgready36@cnbc.com,Games,15,45.7,685.5
1866,1-Jun-16,"O' Mullane, Manny","7932 Truax Junction, CA, 95823",510 457 1001,momullane37@hugedomains.com,Industrial,8,37.32,298.56
1867,18-Aug-16,"Scargill, Jewel","66506 Sutteridge Park, CO, 80161",303 914 3335,jscargill38@dion.ne.jp,Jewelery,9,13.28,119.52
1868,28-Jan-17,"Veitch, Berthe","3857 School Drive, MA, 02119",508 459 1122,bveitch39@jigsy.com,Shoes,16,20.35,325.6
1869,24-Jun-17,"Lyptrit, Noelle","9 Ilene Circle, LA, 71166",318 597 7714,nlyptrit3a@thetimes.co.uk,Books,18,13.11,235.98
1870,12-Mar-16,"Cartlidge, Collen","7 Coleman Plaza, AL, 36610",251 137 8481,ccartlidge3b@nsw.gov.au,Baby,12,22.16,265.92
1871,1-Nov-16,"Greenalf, Evelin",", AZ, 85748",,egreenalf3c@shareasale.com,Home,18,30.05,540.9
1872,8-Mar-16,"Grenville, Pippa","3310 Monica Way, GA, 30089",770 609 7660,pgrenville3d@networksolutions.com,Electronics,20,33.36,667.2
1873,11-Sep-15,"Ackermann, Lolly","1348 Cordelia Street, KY, 40215",502 563 5365,lackermann3e@jugem.jp,Clothing,18,70.6,1270.8
1874,13-Nov-16,"Barensky, Bekki","77016 Florence Way, CA, 92145",619 781 2502,bbarensky3f@privacy.gov.au,Computers,4,97.64,390.56
1875,28-Jun-16,"Wingfield, Ezekiel","00476 Bartillon Junction, CT, 06533",203 895 7833,ewingfield3g@shinystat.com,Automotive,16,36.78,588.48
1876,2-Nov-16,"Sterling, Monique","1 Melvin Alley, NJ, 07310",551 655 4476,msterling3h@fc2.com,Baby,11,18.97,208.67
1877,14-Sep-15,"Tuminelli, Vivi","5635 Park Meadow Junction, TX, 79994",915 553 6619,,Beauty,25,72.22,1805.5
1878,1-May-16,"Willford, Avis","5 Spohn Center, CA, 92196",619 843 2711,awillford3j@vistaprint.com,Grocery,7,64.07,448.49
1879,27-Jan-15,"Croydon, Laurella","092 Morning Road, CO, 81505",970 251 7006,lcroydon3k@ovh.net,Sports,11,9.86,108.46
1880,26-Nov-17,"Lippo, Bentlee","9 Drewry Avenue, TX, 79950",915 326 3902,blippo3l@weibo.com,Sports,24,41.09,986.16
1881,3-May-15,"Goodings, Fleurette","70 Nancy Place, FL, 32244",904 975 0754,fgoodings3m@deviantart.com,Jewelery,16,12.28,196.48
1882,5-Mar-15,"Linger, Neil","7 Eggendart Junction, IA, 50393",515 255 9048,nlinger3n@tripod.com,Baby,12,28.03,336.36
1883,17-Nov-15,"Buzza, Rivalee","8143 Katie Park, AL, 35231",205 918 3728,rbuzza3o@tumblr.com,Industrial,17,23.59,401.03
1884,15-Feb-16,"McCaughey, Janel","4 Nevada Avenue, TX, 75799",903 944 4932,jmccaughey3p@comsenz.com,Books,7,78.4,548.8
1885,5-Aug-17,"Fouracre, Pincas","57731 Meadow Valley Pass, TX, 78682",512 104 5795,,Games,2,2.54,5.08
1886,8-Mar-15,"Markovich, Lea","9606 Village Hill, FL, 32859",407 695 9369,,Home,4,94.71,378.84
1887,17-Feb-17,"Schole, Claire","8656 Corscot Place, CA, 93005",805 192 8510,cschole3s@fema.gov,Outdoors,22,41.01,902.22
1888,15-Jan-15,"Wantling, Clareta","98 Bunker Hill Junction, VA, 22244",571 766 9822,cwantling3t@usatoday.com,Electronics,5,43.68,218.4
1889,11-Jul-17,"Menchenton, Robinson","1781 Westerfield Drive, CO, 80995",719 255 3088,rmenchenton3u@globo.com,Clothing,4,43.72,174.88
1890,5-Feb-17,"Donn, Bethena",", WI, 53225",414 620 7001,,Industrial,16,73.4,1174.4
1891,18-Feb-17,"Leimster, Mendie","47706 Fulton Way, FL, 33972",239 959 0052,,Tools,16,3.2,51.2
1892,23-Apr-17,"Dukes, Lorelle","4132 Del Mar Trail, VA, 23260",804 153 5105,ldukes3x@netlog.com,Home,17,30.15,512.55
1893,7-Apr-15,"Maciejewski, Brendin","71902 Arrowood Pass, WA, 98185",206 867 4514,bmaciejewski3y@privacy.gov.au,Beauty,18,85.71,1542.78
1894,29-May-15,"Amor, Cassandre","329 Green Ridge Lane, MN, 55115",952 422 0157,camor3z@typepad.com,Beauty,14,84.85,1187.9
1895,8-Nov-15,"Grandisson, Sabrina","228 Buena Vista Avenue, PA, 17121",717 665 5184,,Shoes,14,77.13,1079.82
1896,3-Aug-15,"Cockle, Amory","0044 Memorial Alley, TX, 79182",806 454 5884,acockle41@ucoz.com,Outdoors,16,44.75,716
1897,26-Sep-15,"Campione, Sullivan","3 Crest Line Road, AL, 35805",256 265 2077,scampione42@devhub.com,Garden,8,52.22,417.76
1898,21-May-17,"Norman, Fifine",", IN, 46226",317 702 2212,fnorman43@soundcloud.com,Beauty,22,57.7,1269.4
1899,18-Mar-17,"Kobes, Sarene",", NC, 28272",704 751 2369,skobes44@vimeo.com,Baby,12,37.24,446.88
1900,1-Jul-16,"Scrase, Paddy","69206 Di Loreto Park, VA, 24503",,pscrase45@blog.com,Toys,20,70.46,1409.2
1901,8-Aug-16,"Mindenhall, Lizbeth","19 Annamark Hill, CA, 92844",714 890 6237,,Automotive,3,1.71,5.13
1902,11-Apr-17,"Jerosch, Modestia","1 Sunnyside Terrace, PA, 15220",412 747 2153,mjerosch47@sciencedaily.com,Industrial,15,41.41,621.15
1903,18-Apr-16,"Morphew, Josi","04 Porter Terrace, DC, 20425",202 947 6429,,Games,9,84.61,761.49
1904,9-Dec-17,"Bulger, Tillie","91 Heffernan Lane, PA, 15261",412 901 5720,tbulger49@ow.ly,Sports,9,18.95,170.55
1905,10-Sep-17,"Beebis, Bettye","3024 Waubesa Terrace, WI, 53263",414 750 6472,,Outdoors,9,44.38,399.42
1906,23-Oct-16,"Vigurs, Arlan","58 Elgar Point, OR, 97405",541 927 4325,avigurs4b@slideshare.net,Music,18,17.03,306.54
1907,17-Feb-16,"Abriani, Tressa","15 Sundown Trail, CA, 94089",650 357 8550,tabriani4c@histats.com,Tools,6,99.02,594.12
1908,28-Mar-16,"Baldazzi, Olive","33845 Anderson Street, WA, 99260",509 600 4801,obaldazzi4d@mashable.com,Health,7,36.14,252.98
1909,10-May-15,"Tamas, Ardath","23 Calypso Place, SC, 29240",803 584 0816,atamas4e@dropbox.com,Computers,6,49.15,294.9
1910,22-Apr-15,"McKeaney, Jessica",", WV, 25711",304 467 4849,,Home,24,21.54,516.96
1911,7-Jul-16,"Cawston, Ignacius","44556 Carioca Place, DC, 20238",202 163 8655,,Music,25,11.51,287.75
1912,18-Oct-17,"Monksfield, Mozelle","983 Amoth Plaza, FL, 32891",,mmonksfield4h@moonfruit.com,Home,10,69.04,690.4
1913,11-Oct-16,"Sign, Filippa","8 Glendale Place, DE, 19810",302 117 5214,fsign4i@soup.io,Industrial,1,4.1,4.1
1914,13-Feb-16,"Nendick, Luca","9491 Everett Alley, NC, 27705",919 220 3362,lnendick4j@bravesites.com,Movies,1,38.05,38.05
1915,28-Sep-17,"Quade, Markos","12 Larry Lane, TN, 38188",901 666 6156,mquade4k@163.com,Sports,4,45.14,180.56
1916,7-Jan-16,"Livings, Emelina","953 Russell Lane, MN, 55146",651 357 2362,elivings4l@infoseek.co.jp,Toys,17,14.31,243.27
1917,16-Jun-15,"Dufer, Hiram","9 Colorado Pass, CA, 92662",714 239 1575,hdufer4m@unc.edu,Movies,11,21.58,237.38
1918,4-Jan-16,"Rowland, Jerrilyn","8341 Texas Road, DC, 20535",202 222 0700,jrowland4n@cmu.edu,Home,3,48.97,146.91
1919,6-Jul-15,"Elliott, Cordelia","7 Kings Hill, OH, 45233",513 582 2099,celliott4o@gmpg.org,Computers,12,86.52,1038.24
1920,26-May-15,"Dukelow, Arielle","89 Meadow Vale Drive, OR, 97232",,adukelow4p@ebay.com,Shoes,18,59.05,1062.9
1921,21-Dec-17,"Cruttenden, Sal","5 Swallow Junction, CA, 91210",818 674 5050,,Books,22,97.18,2137.96
1922,15-Jul-15,"Tolerton, Palm",", TX, 75074",972 273 6978,ptolerton4r@china.com.cn,Outdoors,8,81.94,655.52
1923,25-Jan-16,"Cheng, Erich","21529 Lakewood Gardens Park, CO, 80905",719 872 0825,echeng4s@t.co,Automotive,14,20.39,285.46
1924,9-Mar-15,"Cokly, Rozalin","3 Knutson Park, DC, 20566",202 855 5824,rcokly4t@themeforest.net,Kids,19,77.52,1472.88
1925,22-Apr-16,"McIlory, Lauraine","19 Grim Road, NY, 10165",212 918 5970,lmcilory4u@trellian.com,Clothing,1,67.28,67.28
1926,16-Jun-16,"Ashwin, Elsie","34 Delaware Pass, MO, 65218",,eashwin4v@pagesperso-orange.fr,Sports,5,98.32,491.6
1927,17-Mar-17,"Coneley, Allan","04 Evergreen Park, KS, 66629",785 591 6749,aconeley4w@shareasale.com,Shoes,10,95.37,953.7
1928,14-Jan-15,"Hilhouse, Bordy","552 Duke Court, TX, 77281",713 752 1931,,Books,3,69.18,207.54
1929,18-Jun-15,"Feldbau, Alfonso","2 Portage Court, GA, 31296",478 136 8234,afeldbau4y@acquirethisname.com,Home,12,4.99,59.88
1930,20-Mar-16,"Slowley, Moselle","4 Troy Trail, NC, 28055",704 887 9769,mslowley4z@cbsnews.com,Electronics,20,89.99,1799.8
1931,21-Jan-17,"Penhallurick, Dennis","6337 Farwell Lane, CA, 91186",626 252 7477,dpenhallurick50@accuweather.com,Jewelery,7,13.21,92.47
1932,19-Jul-16,"Cardinale, Fleurette","64251 Talisman Way, DC, 20525",202 858 7085,,Industrial,23,57.63,1325.49
1933,8-Feb-16,"Duetschens, Aymer","3844 Bunker Hill Plaza, GA, 30343",404 949 3421,aduetschens52@weather.com,Industrial,3,99.09,297.27
1934,26-Oct-15,"Kaminski, Martita","405 Jana Circle, NM, 87110",505 883 2274,mkaminski53@blogtalkradio.com,Toys,9,62.77,564.93
1935,31-Jan-16,"Beininck, Allayne","452 Fulton Circle, VA, 23213",804 164 7103,abeininck54@cisco.com,Grocery,12,7.58,90.96
1936,22-Sep-16,"Killich, Terrijo","08263 Talmadge Pass, AZ, 85297",,tkillich55@youtu.be,Books,4,5.24,20.96
1937,28-Oct-15,"Burnsyde, Rowney","663 Dottie Road, TX, 76796",254 911 5666,rburnsyde56@list-manage.com,Automotive,9,47.61,428.49
1938,8-May-16,"Banthorpe, Winfield","01 Graedel Alley, DC, 20078",,wbanthorpe57@cnet.com,Computers,8,3.08,24.64
1939,30-Nov-16,"Wotherspoon, Renata","1602 Schurz Point, NV, 89130",702 310 7393,,Computers,11,76.72,843.92
1940,16-Sep-16,"Abramcik, Charo","99 Mcguire Point, NC, 28225",704 660 2742,cabramcik59@photobucket.com,Games,23,37.42,860.66
1941,6-Sep-16,"Murton, Ana","4527 Sloan Terrace, AZ, 85297",480 110 2917,,Outdoors,18,30.28,545.04
1942,28-Aug-16,"Krolle, Fletch","6607 Merchant Hill, MN, 55417",651 876 7308,fkrolle5b@odnoklassniki.ru,Sports,18,18.49,332.82
1943,14-Aug-15,"Stobo, Northrup","187 Monica Lane, MI, 49544",616 770 7371,nstobo5c@sun.com,Outdoors,21,76.02,1596.42
1944,29-Dec-15,"Dubs, August","7928 Bartelt Drive, DC, 20525",202 264 2478,adubs5d@google.ru,Tools,2,32.23,64.46
1945,24-Apr-15,"Whiskin, Elsey","91 Vernon Plaza, WV, 25326",304 571 5176,,Home,1,27.87,27.87
1946,2-Nov-16,"Haysman, Samuel","6 Riverside Lane, DC, 20210",202 970 2375,,Automotive,24,50.66,1215.84
1947,6-Mar-15,"Ferreli, Kent","7988 Haas Road, FL, 33686",,kferreli5g@forbes.com,Toys,8,81.64,653.12
1948,26-Apr-15,"Brogi, Sallee","94 Oakridge Park, CA, 92844",,,Books,6,79.58,477.48
1949,17-Feb-16,"Scattergood, Marylou","1283 Westport Alley, TX, 88525",915 315 2353,mscattergood5i@latimes.com,Kids,7,97.89,685.23
1950,26-Apr-17,"Worgan, Clarette","1371 Lukken Parkway, LA, 70154",504 124 6552,cworgan5j@deliciousdays.com,Books,8,12.72,101.76
1951,1-Dec-16,"Schneider, Darb","0909 Clyde Gallagher Park, FL, 33023",954 866 7917,dschneider5k@csmonitor.com,Toys,25,54.03,1350.75
1952,14-Dec-17,"MacIlhagga, Cosme","7 Crest Line Pass, CA, 94245",916 274 5791,,Books,17,94.4,1604.8
1953,29-May-16,"Northing, Thorpe","28186 Waubesa Center, TX, 76129",817 106 5543,tnorthing5m@google.ru,Grocery,6,88.05,528.3
1954,10-Oct-15,"Chopin, Constantino","9 1st Park, CA, 91125",626 131 7416,cchopin5n@so-net.ne.jp,Jewelery,19,58.5,1111.5
1955,14-Jun-15,"Keher, Pavel","0966 Westerfield Drive, TX, 75310",214 371 0301,pkeher5o@pagesperso-orange.fr,Kids,7,53.43,374.01
1956,4-Mar-15,"Harland, Willy","89250 Corry Parkway, CT, 06606",203 493 4069,wharland5p@intel.com,Toys,10,90.12,901.2
1957,11-Feb-17,"Mowlam, Thayne","91778 Vernon Hill, TX, 76178",682 961 7087,tmowlam5q@vimeo.com,Toys,25,68.35,1708.75
1958,20-Jun-16,"Endean, Juliet","3503 Green Point, TX, 78783",512 118 1163,jendean5r@jimdo.com,Automotive,1,28.02,28.02
1959,23-Nov-16,"Atkinson, Cecilius","2 Hooker Park, MN, 55598",763 902 8021,catkinson5s@businessweek.com,Industrial,24,77.22,1853.28
1960,3-Sep-16,"Infante, Boyce","79 Lakewood Lane, FL, 32868",407 831 9051,binfante5t@ezinearticles.com,Beauty,22,11.3,248.6
1961,28-May-15,"Nicklinson, Benedetto","80035 Stone Corner Junction, SC, 29625",864 542 4844,bnicklinson5u@ow.ly,Kids,8,12.06,96.48
1962,23-Oct-16,"Gillam, Bari","83324 Dapin Circle, CA, 92822",,bgillam5v@youtube.com,Toys,23,22.89,526.47
1963,21-Jan-17,"Klauber, Emmey","4 Blue Bill Park Lane, NM, 87195",505 122 5298,eklauber5w@elegantthemes.com,Industrial,12,11.08,132.96
1964,13-Aug-16,"Ander, Winston","7 Michigan Center, DC, 20078",202 610 3459,wander5x@yelp.com,Tools,19,17.58,334.02
1965,27-Jun-16,"Benduhn, Rikki","7892 Springview Avenue, WA, 98687",360 396 5485,rbenduhn5y@hhs.gov,Music,14,56.94,797.16
1966,9-Dec-15,"Holt, Davy","25936 Stoughton Park, CA, 90310",310 720 7373,dholt5z@elpais.com,Jewelery,12,51.55,618.6
1967,15-Mar-17,"Nigh, Althea","646 Lawn Trail, OH, 45440",937 875 0323,anigh60@photobucket.com,Jewelery,22,88.66,1950.52
1968,16-Apr-16,"Townrow, Lilly","531 Lunder Parkway, SC, 29805",803 386 0722,ltownrow61@dyndns.org,Movies,15,70.89,1063.35
1969,4-May-15,"Bailles, Jennie","85 Hauk Place, MO, 63167",314 891 7560,,Books,11,40.65,447.15
1970,14-Aug-15,"Pratte, Rebeka","0 Autumn Leaf Pass, VA, 22184",571 681 8922,rpratte63@jigsy.com,Kids,23,2.55,58.65
1971,15-Dec-15,"Showte, Moritz","2 Hollow Ridge Road, NY, 11254",212 300 1984,mshowte64@livejournal.com,Computers,13,11.55,150.15
1972,12-Oct-15,"Frowen, Codee","8 Charing Cross Lane, TX, 75074",,cfrowen65@mozilla.org,Electronics,2,61.41,122.82
1973,9-Jun-15,"Szach, Rivalee","17286 Garrison Alley, NY, 10034",212 913 5148,rszach66@over-blog.com,Movies,2,83.33,166.66
1974,13-Jun-15,"Nannizzi, Natalina","4 Anthes Point, WA, 98115",206 776 5779,nnannizzi67@redcross.org,Garden,2,18.87,37.74
1975,2-Apr-16,"Beyer, Harbert",", OH, 44315",330 751 9333,hbeyer68@networksolutions.com,Health,9,68.26,614.34
1976,23-Apr-15,"Peterken, Ardisj","0 Kedzie Park, UT, 84605",801 477 5116,apeterken69@mozilla.com,Clothing,22,53.54,1177.88
1977,1-May-15,"Sallows, Vivien","26347 Portage Crossing, NE, 68517",402 197 5544,vsallows6a@dyndns.org,Electronics,20,48.61,972.2
1978,15-Sep-16,"Fells, Gardie","9 Mallory Junction, GA, 30306",404 898 8069,,Electronics,22,65.22,1434.84
1979,19-Jan-15,"Serris, Jereme","65424 Nevada Circle, TX, 76011",,jserris6c@scientificamerican.com,Electronics,24,90.78,2178.72
1980,30-Mar-16,"Quin, Sandro","3 Drewry Pass, IL, 60604",,squin6d@loc.gov,Clothing,21,72.58,1524.18
1981,19-Oct-15,"Wilcocke, Harwell","687 Riverside Hill, CO, 80291",303 837 2282,hwilcocke6e@ftc.gov,Clothing,21,9.78,205.38
1982,11-Dec-17,"Stormonth, Panchito","4578 Stephen Alley, CA, 90050",213 640 4765,pstormonth6f@cisco.com,Games,12,1.71,20.52
1983,25-Oct-16,"Siemons, Letitia","59320 Debra Place, MA, 02114",857 738 9185,lsiemons6g@tamu.edu,Sports,9,48.75,438.75
1984,10-Feb-15,"Callard, Eli","35460 Northwestern Terrace, MI, 48217",313 573 4283,ecallard6h@nymag.com,Kids,8,62.53,500.24
1985,12-Sep-16,"Harden, Grantham",", AZ, 85035",602 563 7818,gharden6i@ihg.com,Jewelery,18,48.94,880.92
1986,19-Sep-17,"De Haven, Cassy","30422 Mallory Road, FL, 32128",386 709 5878,cdehaven6j@chron.com,Industrial,19,26.49,503.31
1987,9-Jan-16,"Taysbil, Meta","23 Schlimgen Parkway, NY, 13224",315 465 7122,mtaysbil6k@google.com.hk,Kids,22,53.28,1172.16
1988,11-Mar-17,"Witherden, Cornell","5942 Granby Junction, AZ, 85284",602 407 4128,cwitherden6l@spiegel.de,Outdoors,18,97.98,1763.64
1989,18-Oct-17,"Cathrae, Harold","31089 Waxwing Pass, MN, 55172",651 814 4341,hcathrae6m@godaddy.com,Garden,22,33.01,726.22
1990,26-Apr-15,"Bettlestone, Maxy","88 Hovde Circle, CT, 06912",203 542 1601,,Movies,13,45.96,597.48
1991,16-Mar-15,"Matts, Leodora","3 Goodland Park, CA, 91913",619 877 2466,lmatts6o@home.pl,Music,16,92.33,1477.28
1992,2-Jul-17,"Vasyunkin, Berna","21726 Kinsman Terrace, TX, 76905",325 998 8128,,Movies,7,87.71,613.97
1993,3-Aug-15,"Bortol, Opaline","99 Tony Terrace, PA, 19172",215 840 7858,obortol6q@ocn.ne.jp,Games,5,89.36,446.8
1994,20-Jun-17,"Hedge, Claudetta","1 Bunker Hill Street, CT, 06816",203 380 7245,chedge6r@slate.com,Computers,24,91.38,2193.12
1995,28-Oct-17,"Melliard, Kai","61022 Elmside Parkway, FL, 32825",407 893 0402,kmelliard6s@omniture.com,Games,8,36.21,289.68
1996,23-Dec-16,"Toomer, Finlay","73296 Dahle Place, PA, 19136",215 192 5906,ftoomer6t@bigcartel.com,Grocery,20,25,500
1997,13-Jan-17,"Goschalk, Brett","4767 1st Avenue, TX, 78759",512 889 4643,,Beauty,17,16.18,275.06
1998,19-Apr-15,"Baus, Munroe","018 Monument Way, AZ, 86305",928 366 8847,mbaus6v@rambler.ru,Tools,18,73.75,1327.5
1999,29-Feb-16,"Aire, Willi","1936 Kingsford Avenue, WA, 98109",,waire6w@rambler.ru,Kids,2,90.75,181.5
2000,29-May-15,"Nevill, Urbanus","40 Sherman Crossing, DC, 20397",202 935 4223,unevill6x@nifty.com,Electronics,10,97.25,972.5
