<?xml version='1.0' encoding='UTF-8'?>
<saletable>
<sale><id>1251</id><transdate>10/22/2017</transdate><name><first>Rozanne</first><last>Keay</last></name><street>0753 5th Terrace</street><state>OH</state><zip>45243</zip><phone>513-304-4530</phone><email/><prodtype>Automotive</prodtype><qty>10</qty><price>56.95</price><total>569.5</total></sale><sale><id>1252</id><transdate>08/13/2016</transdate><name><first>Janenna</first><last>Croley</last></name><street>51 Kings Way</street><state>TX</state><zip>88563</zip><phone>915-274-3026</phone><email>jcroley1@statcounter.com</email><prodtype>Health</prodtype><qty>16</qty><price>2.65</price><total>42.4</total></sale><sale><id>1253</id><transdate>11/05/2016</transdate><name><first>Tamqrah</first><last>Hargrove</last></name><street>299 Duke Center</street><state>CO</state><zip>80127</zip><phone>303-113-3609</phone><email>thargrove2@noaa.gov</email><prodtype>Computers</prodtype><qty>7</qty><price>95.68</price><total>669.76</total></sale><sale><id>1254</id><transdate>03/11/2016</transdate><name><first>Arlene</first><last>Malter</last></name><street>424 Wayridge Hill</street><state>NY</state><zip>12237</zip><phone>518-940-9034</phone><email>amalter3@soup.io</email><prodtype>Toys</prodtype><qty>5</qty><price>99.1</price><total>495.5</total></sale><sale><id>1255</id><transdate>02/13/2017</transdate><name><first>Alejandrina</first><last>Housam</last></name><street>21 Mallard Park</street><state>NV</state><zip>89140</zip><phone>702-871-7858</phone><email>ahousam4@live.com</email><prodtype>Automotive</prodtype><qty>3</qty><price>4.29</price><total>12.87</total></sale><sale><id>1256</id><transdate>11/27/2017</transdate><name><first>Ruperto</first><last>Rentcome</last></name><street>54 Londonderry Terrace</street><state>MN</state><zip>55412</zip><phone>952-883-1573</phone><email/><prodtype>Garden</prodtype><qty>22</qty><price>88.69</price><total>1951.18</total></sale><sale><id>1257</id><transdate>01/28/2015</transdate><name><first>Manolo</first><last>Ortner</last></name><street>4082 Clemons Drive</street><state>TX</state><zip>76105</zip><phone>682-302-7850</phone><email>mortner6@mtv.com</email><prodtype>Home</prodtype><qty>17</qty><price>87.1</price><total>1480.7</total></sale><sale><id>1258</id><transdate>06/29/2015</transdate><name><first>Dannie</first><last>Lowmass</last></name><street>79897 Fair Oaks Point</street><state>CO</state><zip>80209</zip><phone>303-716-1654</phone><email>dlowmass7@cpanel.net</email><prodtype>Movies</prodtype><qty>16</qty><price>48.93</price><total>782.88</total></sale><sale><id>1259</id><transdate>03/28/2017</transdate><name><first>Nonna</first><last>Santer</last></name><street>5470 Maywood Lane</street><state>GA</state><zip>31410</zip><phone>912-858-1467</phone><email>nsanter8@yelp.com</email><prodtype>Computers</prodtype><qty>23</qty><price>52.88</price><total>1216.24</total></sale><sale><id>1260</id><transdate>03/25/2017</transdate><name><first>Floris</first><last>Llop</last></name><street>30 Rusk Court</street><state>NV</state><zip>89193</zip><phone>702-336-1740</phone><email>fllop9@cafepress.com</email><prodtype>Grocery</prodtype><qty>3</qty><price>12.77</price><total>38.31</total></sale><sale><id>1261</id><transdate>05/18/2016</transdate><name><first>Yvonne</first><last>Boomes</last></name><street>3852 Quincy Alley</street><state>MN</state><zip>55412</zip><phone/><email>yboomesa@devhub.com</email><prodtype>Industrial</prodtype><qty>1</qty><price>6.76</price><total>6.76</total></sale><sale><id>1262</id><transdate>04/02/2016</transdate><name><first>Constantin</first><last>Heintzsch</last></name><street>7062 Manitowish Park</street><state>TX</state><zip>77065</zip><phone>281-455-7253</phone><email>cheintzschb@blogger.com</email><prodtype>Toys</prodtype><qty>14</qty><price>8.76</price><total>122.64</total></sale><sale><id>1263</id><transdate>06/03/2016</transdate><name><first>Koressa</first><last>Rawls</last></name><street>90757 Fordem Point</street><state>WI</state><zip>53215</zip><phone>414-988-5554</phone><email>krawlsc@elegantthemes.com</email><prodtype>Jewelery</prodtype><qty>9</qty><price>96.26</price><total>866.34</total></sale><sale><id>1264</id><transdate>06/21/2017</transdate><name><first>Blithe</first><last>O'Riordan</last></name><street>8585 Ridge Oak Plaza</street><state>IL</state><zip>61640</zip><phone>309-822-2941</phone><email>boriordand@nhs.uk</email><prodtype>Health</prodtype><qty>19</qty><price>38.83</price><total>737.77</total></sale><sale><id>1265</id><transdate>06/01/2017</transdate><name><first>Em</first><last>Wisam</last></name><street>641 Calypso Center</street><state>CA</state><zip>90050</zip><phone/><email>ewisame@yahoo.com</email><prodtype>Kids</prodtype><qty>25</qty><price>8.1</price><total>202.5</total></sale><sale><id>1266</id><transdate>09/14/2016</transdate><name><first>Goldia</first><last>McMullen</last></name><street>76213 Pearson Drive</street><state>MA</state><zip>02208</zip><phone>617-671-0191</phone><email>gmcmullenf@yale.edu</email><prodtype>Shoes</prodtype><qty>20</qty><price>65.13</price><total>1302.6</total></sale><sale><id>1267</id><transdate>09/19/2017</transdate><name><first>Elmira</first><last>Glasscoo</last></name><street>75 Meadow Valley Trail</street><state>VA</state><zip>23289</zip><phone>804-463-3889</phone><email>eglasscoog@nyu.edu</email><prodtype>Electronics</prodtype><qty>8</qty><price>27.46</price><total>219.68</total></sale><sale><id>1268</id><transdate>11/15/2016</transdate><name><first>Kalina</first><last>Alvarado</last></name><street>26622 Dryden Trail</street><state>NC</state><zip>28230</zip><phone>704-907-2205</phone><email>kalvaradoh@google.de</email><prodtype>Sports</prodtype><qty>16</qty><price>21.01</price><total>336.16</total></sale><sale><id>1269</id><transdate>02/18/2015</transdate><name><first>Oralla</first><last>Freeborn</last></name><street>205 Cordelia Hill</street><state>OH</state><zip>45238</zip><phone>513-331-1836</phone><email>ofreeborni@yandex.ru</email><prodtype>Grocery</prodtype><qty>22</qty><price>6.26</price><total>137.72</total></sale><sale><id>1270</id><transdate>11/03/2015</transdate><name><first>Bart</first><last>Deme</last></name><street>6 Warner Circle</street><state>MO</state><zip>64142</zip><phone>816-936-5694</phone><email/><prodtype>Garden</prodtype><qty>20</qty><price>30.59</price><total>611.8</total></sale><sale><id>1271</id><transdate>06/28/2015</transdate><name><first>Harrietta</first><last>Brigg</last></name><street>220 Kenwood Center</street><state>FL</state><zip>32825</zip><phone>954-768-1355</phone><email>hbriggk@tuttocitta.it</email><prodtype>Sports</prodtype><qty>24</qty><price>12.61</price><total>302.64</total></sale><sale><id>1272</id><transdate>01/15/2015</transdate><name><first>Dahlia</first><last>Connock</last></name><street>79 Westerfield Trail</street><state>NJ</state><zip>07544</zip><phone>862-640-5188</phone><email>dconnockl@tuttocitta.it</email><prodtype>Movies</prodtype><qty>4</qty><price>49.12</price><total>196.48</total></sale><sale><id>1273</id><transdate>02/27/2016</transdate><name><first>Shayna</first><last>Dann</last></name><street>33 Warrior Parkway</street><state>CT</state><zip>06673</zip><phone>203-300-7300</phone><email>sdannm@bigcartel.com</email><prodtype>Clothing</prodtype><qty>15</qty><price>27.8</price><total>417.0</total></sale><sale><id>1274</id><transdate>06/16/2015</transdate><name><first>Christian</first><last>Pechan</last></name><street>66 Mockingbird Circle</street><state>TX</state><zip>76598</zip><phone/><email>cpechann@tuttocitta.it</email><prodtype>Tools</prodtype><qty>17</qty><price>20.56</price><total>349.52</total></sale><sale><id>1275</id><transdate>01/03/2015</transdate><name><first>Damara</first><last>Suff</last></name><street/><state>AL</state><zip>36610</zip><phone/><email>dsuffo@sfgate.com</email><prodtype>Jewelery</prodtype><qty>15</qty><price>32.04</price><total>480.6</total></sale><sale><id>1276</id><transdate>12/15/2016</transdate><name><first>Caprice</first><last>Slemming</last></name><street>4442 Dexter Lane</street><state>LA</state><zip>71213</zip><phone>318-139-4923</phone><email/><prodtype>Sports</prodtype><qty>18</qty><price>93.68</price><total>1686.24</total></sale><sale><id>1277</id><transdate>04/26/2017</transdate><name><first>Lucien</first><last>Basil</last></name><street>101 Mendota Plaza</street><state>TX</state><zip>77245</zip><phone/><email>lbasilq@4shared.com</email><prodtype>Games</prodtype><qty>22</qty><price>41.36</price><total>909.92</total></sale><sale><id>1278</id><transdate>04/10/2016</transdate><name><first>Wolfy</first><last>Lapley</last></name><street>4495 East Terrace</street><state>ID</state><zip>83727</zip><phone>208-921-8259</phone><email>wlapleyr@smugmug.com</email><prodtype>Garden</prodtype><qty>4</qty><price>42.42</price><total>169.68</total></sale><sale><id>1279</id><transdate>06/16/2017</transdate><name><first>Louisette</first><last>Horbath</last></name><street>369 Dakota Drive</street><state>UT</state><zip>84145</zip><phone>801-624-6938</phone><email>lhorbaths@4shared.com</email><prodtype>Baby</prodtype><qty>22</qty><price>68.07</price><total>1497.54</total></sale><sale><id>1280</id><transdate>07/19/2015</transdate><name><first>Carney</first><last>Swiffan</last></name><street>92697 Columbus Plaza</street><state>PA</state><zip>16550</zip><phone>814-657-2779</phone><email>cswiffant@google.nl</email><prodtype>Clothing</prodtype><qty>14</qty><price>5.85</price><total>81.9</total></sale><sale><id>1281</id><transdate>08/03/2017</transdate><name><first>Caterina</first><last>Colman</last></name><street>97 Grasskamp Court</street><state>CA</state><zip>92812</zip><phone>714-528-8726</phone><email>ccolmanu@sogou.com</email><prodtype>Shoes</prodtype><qty>1</qty><price>19.32</price><total>19.32</total></sale><sale><id>1282</id><transdate>04/30/2015</transdate><name><first>Stuart</first><last>Harry</last></name><street>98202 Pearson Way</street><state>CA</state><zip>93591</zip><phone>661-392-3577</phone><email>sharryv@last.fm</email><prodtype>Health</prodtype><qty>19</qty><price>73.09</price><total>1388.71</total></sale><sale><id>1283</id><transdate>07/01/2017</transdate><name><first>Fleur</first><last>Woolfoot</last></name><street>9652 Waywood Point</street><state>AL</state><zip>35279</zip><phone>205-136-8926</phone><email/><prodtype>Toys</prodtype><qty>17</qty><price>97.52</price><total>1657.84</total></sale><sale><id>1284</id><transdate>02/04/2015</transdate><name><first>Debi</first><last>Offin</last></name><street>451 Tony Place</street><state>FL</state><zip>33142</zip><phone>954-830-7932</phone><email>doffinx@istockphoto.com</email><prodtype>Electronics</prodtype><qty>8</qty><price>51.52</price><total>412.16</total></sale><sale><id>1285</id><transdate>01/21/2015</transdate><name><first>Meta</first><last>Matzaitis</last></name><street>58263 Porter Trail</street><state>PA</state><zip>19151</zip><phone>610-894-0940</phone><email>mmatzaitisy@nifty.com</email><prodtype>Clothing</prodtype><qty>21</qty><price>91.92</price><total>1930.32</total></sale><sale><id>1286</id><transdate>03/24/2017</transdate><name><first>Fanchette</first><last>McKeachie</last></name><street>8520 Carberry Court</street><state>KS</state><zip>66210</zip><phone/><email/><prodtype>Health</prodtype><qty>23</qty><price>6.16</price><total>141.68</total></sale><sale><id>1287</id><transdate>02/28/2015</transdate><name><first>Robena</first><last>Wadham</last></name><street>50983 Goodland Alley</street><state>AR</state><zip>72916</zip><phone>479-461-6788</phone><email>rwadham10@jiathis.com</email><prodtype>Clothing</prodtype><qty>18</qty><price>35.56</price><total>640.08</total></sale><sale><id>1288</id><transdate>10/29/2015</transdate><name><first>Carrol</first><last>Boxen</last></name><street>8 Schiller Park</street><state>MI</state><zip>48956</zip><phone>517-526-1224</phone><email>cboxen11@google.de</email><prodtype>Home</prodtype><qty>23</qty><price>60.1</price><total>1382.3</total></sale><sale><id>1289</id><transdate>11/26/2017</transdate><name><first>Prissie</first><last>Longland</last></name><street/><state>OK</state><zip>73190</zip><phone>405-781-5475</phone><email/><prodtype>Garden</prodtype><qty>20</qty><price>60.1</price><total>1202.0</total></sale><sale><id>1290</id><transdate>03/27/2016</transdate><name><first>Corey</first><last>McPaike</last></name><street>88 Havey Parkway</street><state>CT</state><zip>06160</zip><phone>860-938-2019</phone><email>cmcpaike13@mit.edu</email><prodtype>Industrial</prodtype><qty>15</qty><price>5.41</price><total>81.15</total></sale><sale><id>1291</id><transdate>03/23/2016</transdate><name><first>Bjorn</first><last>Hogbourne</last></name><street>40 Schurz Plaza</street><state>MA</state><zip>02163</zip><phone>978-655-5228</phone><email>bhogbourne14@wikimedia.org</email><prodtype>Sports</prodtype><qty>17</qty><price>25.11</price><total>426.87</total></sale><sale><id>1292</id><transdate>09/24/2016</transdate><name><first>Zackariah</first><last>Struss</last></name><street>84637 Granby Center</street><state>CO</state><zip>80204</zip><phone>720-625-5644</phone><email>zstruss15@oakley.com</email><prodtype>Jewelery</prodtype><qty>2</qty><price>11.57</price><total>23.14</total></sale><sale><id>1293</id><transdate>04/01/2015</transdate><name><first>Carrol</first><last>Ollive</last></name><street>49 Hanover Hill</street><state>CA</state><zip>94110</zip><phone>415-734-3174</phone><email>collive16@multiply.com</email><prodtype>Tools</prodtype><qty>4</qty><price>8.51</price><total>34.04</total></sale><sale><id>1294</id><transdate>11/01/2017</transdate><name><first>Kiley</first><last>Ungerechts</last></name><street>115 Corscot Way</street><state>MD</state><zip>20816</zip><phone>240-874-9679</phone><email>kungerechts17@bloomberg.com</email><prodtype>Baby</prodtype><qty>15</qty><price>62.94</price><total>944.1</total></sale><sale><id>1295</id><transdate>08/30/2015</transdate><name><first>Trista</first><last>Crathern</last></name><street>36266 Corben Center</street><state>NC</state><zip>28220</zip><phone>704-857-8133</phone><email>tcrathern18@businesswire.com</email><prodtype>Music</prodtype><qty>1</qty><price>15.1</price><total>15.1</total></sale><sale><id>1296</id><transdate>01/19/2017</transdate><name><first>Earlie</first><last>Abbott</last></name><street>471 Bonner Court</street><state>CO</state><zip>80217</zip><phone>303-431-0207</phone><email/><prodtype>Industrial</prodtype><qty>23</qty><price>9.47</price><total>217.81</total></sale><sale><id>1297</id><transdate>04/05/2017</transdate><name><first>Thedric</first><last>Moseley</last></name><street>5 Gale Plaza</street><state>IL</state><zip>60208</zip><phone>847-186-0298</phone><email>tmoseley1a@webeden.co.uk</email><prodtype>Shoes</prodtype><qty>23</qty><price>37.86</price><total>870.78</total></sale><sale><id>1298</id><transdate>11/27/2015</transdate><name><first>Karly</first><last>Buye</last></name><street>3 Katie Hill</street><state>NE</state><zip>68505</zip><phone>402-121-7263</phone><email>kbuye1b@networksolutions.com</email><prodtype>Toys</prodtype><qty>23</qty><price>75.13</price><total>1727.99</total></sale><sale><id>1299</id><transdate>11/27/2017</transdate><name><first>Deane</first><last>Mill</last></name><street>6 Jenifer Street</street><state>NY</state><zip>10034</zip><phone>212-584-7316</phone><email>dmill1c@wiley.com</email><prodtype>Home</prodtype><qty>11</qty><price>24.16</price><total>265.76</total></sale><sale><id>1300</id><transdate>10/15/2017</transdate><name><first>Emory</first><last>Dilleston</last></name><street>63697 Hagan Trail</street><state>MN</state><zip>55470</zip><phone>612-393-5734</phone><email>edilleston1d@imageshack.us</email><prodtype>Garden</prodtype><qty>19</qty><price>80.13</price><total>1522.47</total></sale><sale><id>1301</id><transdate>04/27/2015</transdate><name><first>Fidelia</first><last>Zamorrano</last></name><street>3 Norway Maple Pass</street><state>TX</state><zip>88579</zip><phone>915-322-8262</phone><email>fzamorrano1e@trellian.com</email><prodtype>Toys</prodtype><qty>10</qty><price>79.1</price><total>791.0</total></sale><sale><id>1302</id><transdate>09/09/2017</transdate><name><first>Michell</first><last>Oyley</last></name><street>9679 Emmet Way</street><state>AZ</state><zip>85045</zip><phone>602-212-6290</phone><email>moyley1f@myspace.com</email><prodtype>Home</prodtype><qty>11</qty><price>95.28</price><total>1048.08</total></sale><sale><id>1303</id><transdate>02/01/2016</transdate><name><first>Aylmer</first><last>Muskett</last></name><street>9120 Jay Circle</street><state>NY</state><zip>13251</zip><phone/><email>amuskett1g@usgs.gov</email><prodtype>Sports</prodtype><qty>16</qty><price>18.93</price><total>302.88</total></sale><sale><id>1304</id><transdate>11/06/2015</transdate><name><first>Kaye</first><last>Osgordby</last></name><street>40848 Heath Circle</street><state>FL</state><zip>32575</zip><phone/><email>kosgordby1h@sciencedirect.com</email><prodtype>Electronics</prodtype><qty>18</qty><price>23.35</price><total>420.3</total></sale><sale><id>1305</id><transdate>10/01/2016</transdate><name><first>Mae</first><last>Krink</last></name><street>29 Dunning Drive</street><state>AZ</state><zip>85020</zip><phone>623-151-7754</phone><email>mkrink1i@tamu.edu</email><prodtype>Movies</prodtype><qty>9</qty><price>62.45</price><total>562.05</total></sale><sale><id>1306</id><transdate>12/30/2015</transdate><name><first>Querida</first><last>Branwhite</last></name><street>0 6th Street</street><state>VA</state><zip>22309</zip><phone>202-594-7024</phone><email>qbranwhite1j@virginia.edu</email><prodtype>Electronics</prodtype><qty>4</qty><price>50.27</price><total>201.08</total></sale><sale><id>1307</id><transdate>08/19/2016</transdate><name><first>Annabela</first><last>Gueinn</last></name><street>5020 Kedzie Avenue</street><state>TX</state><zip>79105</zip><phone>806-940-5950</phone><email>agueinn1k@xing.com</email><prodtype>Kids</prodtype><qty>20</qty><price>1.49</price><total>29.8</total></sale><sale><id>1308</id><transdate>10/18/2015</transdate><name><first>Albertina</first><last>Brum</last></name><street>797 Independence Park</street><state>TX</state><zip>88558</zip><phone>915-841-9778</phone><email>abrum1l@photobucket.com</email><prodtype>Jewelery</prodtype><qty>22</qty><price>11.84</price><total>260.48</total></sale><sale><id>1309</id><transdate>01/06/2016</transdate><name><first>Ericka</first><last>Gaskal</last></name><street>93 Anhalt Place</street><state>VA</state><zip>23454</zip><phone>757-296-8305</phone><email>egaskal1m@ycombinator.com</email><prodtype>Jewelery</prodtype><qty>7</qty><price>84.56</price><total>591.92</total></sale><sale><id>1310</id><transdate>01/19/2017</transdate><name><first>Martica</first><last>Knappe</last></name><street/><state>TX</state><zip>88541</zip><phone>915-457-6868</phone><email>mknappe1n@cocolog-nifty.com</email><prodtype>Jewelery</prodtype><qty>21</qty><price>69.89</price><total>1467.69</total></sale><sale><id>1311</id><transdate>10/11/2017</transdate><name><first>Osmund</first><last>Sylvester</last></name><street>0 Moulton Circle</street><state>CO</state><zip>80262</zip><phone>303-876-3400</phone><email>osylvester1o@pen.io</email><prodtype>Clothing</prodtype><qty>11</qty><price>12.92</price><total>142.12</total></sale><sale><id>1312</id><transdate>08/26/2017</transdate><name><first>Kimberli</first><last>De Bischop</last></name><street>62946 Northport Circle</street><state>MA</state><zip>02142</zip><phone>857-725-4892</phone><email>kdebischop1p@blogspot.com</email><prodtype>Health</prodtype><qty>23</qty><price>43.31</price><total>996.13</total></sale><sale><id>1313</id><transdate>08/18/2015</transdate><name><first>David</first><last>Koppel</last></name><street>52 Clarendon Point</street><state>ID</state><zip>83727</zip><phone>208-105-8566</phone><email>dkoppel1q@wordpress.com</email><prodtype>Tools</prodtype><qty>20</qty><price>62.52</price><total>1250.4</total></sale><sale><id>1314</id><transdate>01/04/2016</transdate><name><first>Cthrine</first><last>Luter</last></name><street>14 Kedzie Street</street><state>FL</state><zip>33034</zip><phone>786-824-7724</phone><email/><prodtype>Home</prodtype><qty>13</qty><price>64.53</price><total>838.89</total></sale><sale><id>1315</id><transdate>05/01/2015</transdate><name><first>Orlando</first><last>Diwell</last></name><street/><state>LA</state><zip>70179</zip><phone>504-431-0876</phone><email>odiwell1s@google.pl</email><prodtype>Toys</prodtype><qty>14</qty><price>92.6</price><total>1296.4</total></sale><sale><id>1316</id><transdate>12/02/2015</transdate><name><first>Sasha</first><last>Darco</last></name><street>22 Superior Terrace</street><state>TX</state><zip>78044</zip><phone>956-627-5398</phone><email>sdarco1t@auda.org.au</email><prodtype>Industrial</prodtype><qty>6</qty><price>86.31</price><total>517.86</total></sale><sale><id>1317</id><transdate>11/17/2015</transdate><name><first>Cos</first><last>Kilpatrick</last></name><street>0 Becker Place</street><state>GA</state><zip>31904</zip><phone>706-267-7895</phone><email>ckilpatrick1u@ebay.com</email><prodtype>Electronics</prodtype><qty>9</qty><price>36.51</price><total>328.59</total></sale><sale><id>1318</id><transdate>06/04/2015</transdate><name><first>Rhonda</first><last>Tinn</last></name><street>9253 Pleasure Plaza</street><state>PA</state><zip>17405</zip><phone>717-329-0657</phone><email>rtinn1v@nature.com</email><prodtype>Grocery</prodtype><qty>21</qty><price>99.26</price><total>2084.46</total></sale><sale><id>1319</id><transdate>05/16/2015</transdate><name><first>Shena</first><last>Eate</last></name><street>16050 Pleasure Point</street><state>TX</state><zip>77305</zip><phone>936-328-8246</phone><email/><prodtype>Electronics</prodtype><qty>21</qty><price>1.65</price><total>34.65</total></sale><sale><id>1320</id><transdate>04/27/2015</transdate><name><first>Ahmed</first><last>Beavington</last></name><street>8 Mayfield Center</street><state>VA</state><zip>22217</zip><phone>571-412-3613</phone><email>abeavington1x@nasa.gov</email><prodtype>Toys</prodtype><qty>24</qty><price>91.73</price><total>2201.52</total></sale><sale><id>1321</id><transdate>03/05/2015</transdate><name><first>Jillana</first><last>Riall</last></name><street>17 Meadow Ridge Junction</street><state>TX</state><zip>88525</zip><phone>915-167-2344</phone><email>jriall1y@irs.gov</email><prodtype>Automotive</prodtype><qty>15</qty><price>81.03</price><total>1215.45</total></sale><sale><id>1322</id><transdate>01/03/2016</transdate><name><first>Dukey</first><last>Perago</last></name><street>8 Tomscot Crossing</street><state>PA</state><zip>17105</zip><phone>717-665-7054</phone><email>dperago1z@mlb.com</email><prodtype>Music</prodtype><qty>14</qty><price>17.74</price><total>248.36</total></sale><sale><id>1323</id><transdate>05/31/2017</transdate><name><first>Walden</first><last>Gallemore</last></name><street>570 Vera Court</street><state>PA</state><zip>19115</zip><phone>215-365-6029</phone><email>wgallemore20@skype.com</email><prodtype>Garden</prodtype><qty>13</qty><price>25.08</price><total>326.04</total></sale><sale><id>1324</id><transdate>08/03/2015</transdate><name><first>Cull</first><last>Toten</last></name><street>788 Lukken Parkway</street><state>NJ</state><zip>07112</zip><phone>201-575-5573</phone><email>ctoten21@sun.com</email><prodtype>Garden</prodtype><qty>7</qty><price>92.34</price><total>646.38</total></sale><sale><id>1325</id><transdate>01/28/2016</transdate><name><first>Jimmy</first><last>Matteau</last></name><street>741 Schurz Parkway</street><state>SC</state><zip>29403</zip><phone>843-741-4161</phone><email>jmatteau22@sphinn.com</email><prodtype>Tools</prodtype><qty>17</qty><price>82.21</price><total>1397.57</total></sale><sale><id>1326</id><transdate>07/06/2017</transdate><name><first>Hashim</first><last>Saffe</last></name><street>829 Dottie Plaza</street><state>AL</state><zip>36610</zip><phone>251-880-5119</phone><email>hsaffe23@ucoz.ru</email><prodtype>Sports</prodtype><qty>19</qty><price>25.69</price><total>488.11</total></sale><sale><id>1327</id><transdate>01/09/2016</transdate><name><first>Cathleen</first><last>Allmann</last></name><street>2711 Aberg Park</street><state>NY</state><zip>10280</zip><phone/><email>callmann24@wordpress.org</email><prodtype>Toys</prodtype><qty>5</qty><price>92.67</price><total>463.35</total></sale><sale><id>1328</id><transdate>03/07/2017</transdate><name><first>Mikol</first><last>Peare</last></name><street/><state>CO</state><zip>80905</zip><phone/><email>mpeare25@xinhuanet.com</email><prodtype>Automotive</prodtype><qty>17</qty><price>97.49</price><total>1657.33</total></sale><sale><id>1329</id><transdate>07/31/2016</transdate><name><first>Wiatt</first><last>Kellington</last></name><street>78586 Basil Lane</street><state>CA</state><zip>93740</zip><phone/><email>wkellington26@lulu.com</email><prodtype>Toys</prodtype><qty>2</qty><price>82.44</price><total>164.88</total></sale><sale><id>1330</id><transdate>04/21/2015</transdate><name><first>Kizzee</first><last>Mossop</last></name><street>571 Valley Edge Trail</street><state>CA</state><zip>91913</zip><phone>619-665-0789</phone><email>kmossop27@barnesandnoble.com</email><prodtype>Home</prodtype><qty>7</qty><price>66.66</price><total>466.62</total></sale><sale><id>1331</id><transdate>01/31/2015</transdate><name><first>Janetta</first><last>Lafford</last></name><street>72402 Basil Point</street><state>KY</state><zip>40298</zip><phone>502-528-5170</phone><email>jlafford28@unblog.fr</email><prodtype>Automotive</prodtype><qty>16</qty><price>60.37</price><total>965.92</total></sale><sale><id>1332</id><transdate>05/10/2016</transdate><name><first>Grannie</first><last>Tebbet</last></name><street>9144 Sage Road</street><state>UT</state><zip>84135</zip><phone>801-471-3524</phone><email/><prodtype>Movies</prodtype><qty>24</qty><price>25.98</price><total>623.52</total></sale><sale><id>1333</id><transdate>05/02/2015</transdate><name><first>Jourdain</first><last>Sherrott</last></name><street>7880 Rigney Park</street><state>NY</state><zip>11499</zip><phone>212-419-1055</phone><email>jsherrott2a@deviantart.com</email><prodtype>Toys</prodtype><qty>14</qty><price>68.91</price><total>964.74</total></sale><sale><id>1334</id><transdate>06/17/2015</transdate><name><first>Jerri</first><last>Flanaghan</last></name><street>720 Lyons Court</street><state>MO</state><zip>65898</zip><phone>417-825-2158</phone><email>jflanaghan2b@howstuffworks.com</email><prodtype>Health</prodtype><qty>7</qty><price>3.14</price><total>21.98</total></sale><sale><id>1335</id><transdate>03/24/2015</transdate><name><first>Carlina</first><last>Harce</last></name><street>4 Sycamore Park</street><state>SC</state><zip>29215</zip><phone>803-100-1772</phone><email>charce2c@youku.com</email><prodtype>Beauty</prodtype><qty>16</qty><price>26.08</price><total>417.28</total></sale><sale><id>1336</id><transdate>10/16/2017</transdate><name><first>Jenny</first><last>Tudgay</last></name><street>6 Northridge Trail</street><state>CA</state><zip>93773</zip><phone>559-701-0978</phone><email/><prodtype>Movies</prodtype><qty>5</qty><price>88.48</price><total>442.4</total></sale><sale><id>1337</id><transdate>01/29/2015</transdate><name><first>Paddy</first><last>Kyme</last></name><street/><state>IA</state><zip>50369</zip><phone>515-151-0400</phone><email>pkyme2e@alibaba.com</email><prodtype>Games</prodtype><qty>9</qty><price>58.94</price><total>530.46</total></sale><sale><id>1338</id><transdate>03/27/2015</transdate><name><first>Duncan</first><last>Youel</last></name><street>81 Holy Cross Hill</street><state>FL</state><zip>32123</zip><phone>386-433-3240</phone><email/><prodtype>Industrial</prodtype><qty>18</qty><price>66.85</price><total>1203.3</total></sale><sale><id>1339</id><transdate>05/15/2017</transdate><name><first>Vanessa</first><last>Athy</last></name><street>7257 Meadow Vale Crossing</street><state>AZ</state><zip>85062</zip><phone>602-505-6365</phone><email>vathy2g@1und1.de</email><prodtype>Health</prodtype><qty>17</qty><price>34.4</price><total>584.8</total></sale><sale><id>1340</id><transdate>06/16/2017</transdate><name><first>Adrianna</first><last>Ladewig</last></name><street>584 Mandrake Avenue</street><state>AR</state><zip>72118</zip><phone>501-675-9922</phone><email>aladewig2h@4shared.com</email><prodtype>Automotive</prodtype><qty>22</qty><price>93.32</price><total>2053.04</total></sale><sale><id>1341</id><transdate>08/26/2015</transdate><name><first>Joletta</first><last>Selway</last></name><street>64895 Farwell Center</street><state>TX</state><zip>77713</zip><phone>409-851-3136</phone><email>jselway2i@drupal.org</email><prodtype>Shoes</prodtype><qty>6</qty><price>15.95</price><total>95.7</total></sale><sale><id>1342</id><transdate>09/06/2015</transdate><name><first>Kippar</first><last>Flintiff</last></name><street>964 Granby Hill</street><state>TX</state><zip>78754</zip><phone>512-219-0663</phone><email>kflintiff2j@live.com</email><prodtype>Sports</prodtype><qty>11</qty><price>70.36</price><total>773.96</total></sale><sale><id>1343</id><transdate>02/01/2016</transdate><name><first>Christye</first><last>Rabbitts</last></name><street>492 Sheridan Crossing</street><state>MI</state><zip>48076</zip><phone>248-812-4702</phone><email>crabbitts2k@usatoday.com</email><prodtype>Shoes</prodtype><qty>6</qty><price>56.83</price><total>340.98</total></sale><sale><id>1344</id><transdate>04/03/2016</transdate><name><first>Doralin</first><last>Clemes</last></name><street>8737 Loeprich Point</street><state>CA</state><zip>94286</zip><phone>916-376-2658</phone><email>dclemes2l@aboutads.info</email><prodtype>Toys</prodtype><qty>8</qty><price>18.6</price><total>148.8</total></sale><sale><id>1345</id><transdate>04/11/2015</transdate><name><first>Northrup</first><last>Jans</last></name><street>82212 Londonderry Junction</street><state>NY</state><zip>10459</zip><phone>917-314-2183</phone><email>njans2m@phpbb.com</email><prodtype>Games</prodtype><qty>3</qty><price>40.36</price><total>121.08</total></sale><sale><id>1346</id><transdate>06/13/2015</transdate><name><first>Ali</first><last>Linforth</last></name><street>31373 Waywood Plaza</street><state>CA</state><zip>94263</zip><phone>916-335-2187</phone><email>alinforth2n@fotki.com</email><prodtype>Electronics</prodtype><qty>9</qty><price>1.24</price><total>11.16</total></sale><sale><id>1347</id><transdate>09/25/2017</transdate><name><first>Avie</first><last>Waliszewski</last></name><street>9711 Holmberg Trail</street><state>TX</state><zip>88579</zip><phone>915-571-9186</phone><email>awaliszewski2o@mac.com</email><prodtype>Games</prodtype><qty>16</qty><price>66.16</price><total>1058.56</total></sale><sale><id>1348</id><transdate>03/21/2017</transdate><name><first>Skippie</first><last>Ickovicz</last></name><street>145 Gateway Junction</street><state>SD</state><zip>57110</zip><phone>605-121-7488</phone><email>sickovicz2p@tuttocitta.it</email><prodtype>Grocery</prodtype><qty>21</qty><price>85.7</price><total>1799.7</total></sale><sale><id>1349</id><transdate>10/04/2017</transdate><name><first>Bobby</first><last>Bercher</last></name><street>816 Vidon Way</street><state>TX</state><zip>79159</zip><phone>806-228-0912</phone><email>bbercher2q@youku.com</email><prodtype>Outdoors</prodtype><qty>11</qty><price>7.46</price><total>82.06</total></sale><sale><id>1350</id><transdate>04/10/2016</transdate><name><first>Spence</first><last>Mc Kellen</last></name><street>75 Myrtle Park</street><state>CA</state><zip>90305</zip><phone>323-158-8860</phone><email/><prodtype>Home</prodtype><qty>16</qty><price>89.16</price><total>1426.56</total></sale><sale><id>1351</id><transdate>05/08/2016</transdate><name><first>Geri</first><last>Sedgefield</last></name><street>23 Sullivan Park</street><state>MO</state><zip>64142</zip><phone>816-309-5130</phone><email>gsedgefield2s@altervista.org</email><prodtype>Movies</prodtype><qty>19</qty><price>32.67</price><total>620.73</total></sale><sale><id>1352</id><transdate>03/16/2015</transdate><name><first>Suzy</first><last>Stapleford</last></name><street>93273 Spohn Place</street><state>NE</state><zip>68144</zip><phone>402-680-0975</phone><email>sstapleford2t@geocities.com</email><prodtype>Grocery</prodtype><qty>20</qty><price>80.74</price><total>1614.8</total></sale><sale><id>1353</id><transdate>04/01/2016</transdate><name><first>Prudi</first><last>Argontt</last></name><street>44 Westerfield Road</street><state>FL</state><zip>33111</zip><phone>786-830-8147</phone><email/><prodtype>Toys</prodtype><qty>8</qty><price>87.18</price><total>697.44</total></sale><sale><id>1354</id><transdate>05/18/2017</transdate><name><first>Melba</first><last>Quillinane</last></name><street>35990 Park Meadow Crossing</street><state>IL</state><zip>61605</zip><phone>309-413-8810</phone><email>mquillinane2v@cnbc.com</email><prodtype>Beauty</prodtype><qty>18</qty><price>93.35</price><total>1680.3</total></sale><sale><id>1355</id><transdate>05/25/2015</transdate><name><first>Taylor</first><last>Kaley</last></name><street>9 Golf View Road</street><state>MO</state><zip>64179</zip><phone>816-472-8927</phone><email>tkaley2w@wordpress.com</email><prodtype>Computers</prodtype><qty>24</qty><price>21.56</price><total>517.44</total></sale><sale><id>1356</id><transdate>09/02/2015</transdate><name><first>Georgetta</first><last>Hryniewicz</last></name><street>01 Mendota Avenue</street><state>FL</state><zip>34210</zip><phone>727-739-3567</phone><email>ghryniewicz2x@miibeian.gov.cn</email><prodtype>Electronics</prodtype><qty>15</qty><price>17.3</price><total>259.5</total></sale><sale><id>1357</id><transdate>05/27/2016</transdate><name><first>Shanie</first><last>Powlesland</last></name><street>50806 Comanche Alley</street><state>AR</state><zip>72231</zip><phone>501-438-4801</phone><email>spowlesland2y@pagesperso-orange.fr</email><prodtype>Beauty</prodtype><qty>3</qty><price>98.83</price><total>296.49</total></sale><sale><id>1358</id><transdate>04/30/2017</transdate><name><first>Cathryn</first><last>Girkins</last></name><street>85622 Mifflin Pass</street><state>KS</state><zip>66629</zip><phone>785-160-5802</phone><email>cgirkins2z@etsy.com</email><prodtype>Games</prodtype><qty>18</qty><price>44.44</price><total>799.92</total></sale><sale><id>1359</id><transdate>12/19/2016</transdate><name><first>Riane</first><last>Herrero</last></name><street>9 Forest Dale Crossing</street><state>MI</state><zip>48956</zip><phone>517-912-5599</phone><email>rherrero30@youku.com</email><prodtype>Kids</prodtype><qty>10</qty><price>41.36</price><total>413.6</total></sale><sale><id>1360</id><transdate>09/06/2015</transdate><name><first>Harrietta</first><last>Dominiak</last></name><street>732 Blackbird Pass</street><state>IN</state><zip>46857</zip><phone>260-525-6472</phone><email>hdominiak31@oracle.com</email><prodtype>Jewelery</prodtype><qty>21</qty><price>40.65</price><total>853.65</total></sale><sale><id>1361</id><transdate>12/30/2015</transdate><name><first>Shermie</first><last>Gitthouse</last></name><street>622 Bartillon Pass</street><state>CA</state><zip>93786</zip><phone>559-500-6961</phone><email>sgitthouse32@unesco.org</email><prodtype>Sports</prodtype><qty>25</qty><price>34.85</price><total>871.25</total></sale><sale><id>1362</id><transdate>04/19/2016</transdate><name><first>Abra</first><last>Linsey</last></name><street>68768 5th Crossing</street><state>NE</state><zip>68105</zip><phone>402-615-1020</phone><email>alinsey33@freewebs.com</email><prodtype>Health</prodtype><qty>14</qty><price>33.97</price><total>475.58</total></sale><sale><id>1363</id><transdate>04/03/2016</transdate><name><first>Georges</first><last>Bostick</last></name><street>70 Messerschmidt Pass</street><state>MO</state><zip>63169</zip><phone>314-545-4515</phone><email/><prodtype>Kids</prodtype><qty>1</qty><price>86.17</price><total>86.17</total></sale><sale><id>1364</id><transdate>02/18/2016</transdate><name><first>Zilvia</first><last>Langelaan</last></name><street>58052 Sheridan Lane</street><state>KY</state><zip>40215</zip><phone>502-424-4530</phone><email/><prodtype>Games</prodtype><qty>4</qty><price>18.11</price><total>72.44</total></sale><sale><id>1365</id><transdate>10/04/2017</transdate><name><first>Fenelia</first><last>Leel</last></name><street>3 Roxbury Pass</street><state>IN</state><zip>47725</zip><phone>812-940-6011</phone><email>fleel36@mediafire.com</email><prodtype>Kids</prodtype><qty>16</qty><price>17.04</price><total>272.64</total></sale><sale><id>1366</id><transdate>11/20/2016</transdate><name><first>Laird</first><last>Kauble</last></name><street>49877 Colorado Park</street><state>PA</state><zip>19151</zip><phone>610-482-1201</phone><email>lkauble37@behance.net</email><prodtype>Shoes</prodtype><qty>20</qty><price>41.3</price><total>826.0</total></sale><sale><id>1367</id><transdate>02/25/2016</transdate><name><first>Torey</first><last>Kiddey</last></name><street>115 Russell Drive</street><state>KY</state><zip>40205</zip><phone>502-717-3829</phone><email>tkiddey38@blinklist.com</email><prodtype>Games</prodtype><qty>11</qty><price>78.23</price><total>860.53</total></sale><sale><id>1368</id><transdate>11/19/2017</transdate><name><first>Kipp</first><last>Pietrusiak</last></name><street>73123 Bluejay Hill</street><state>DC</state><zip>20244</zip><phone>202-800-0114</phone><email/><prodtype>Clothing</prodtype><qty>24</qty><price>4.45</price><total>106.8</total></sale><sale><id>1369</id><transdate>05/04/2016</transdate><name><first>Phillida</first><last>Pittford</last></name><street>3296 Northview Drive</street><state>NY</state><zip>10045</zip><phone>347-144-9057</phone><email>ppittford3a@msn.com</email><prodtype>Toys</prodtype><qty>20</qty><price>68.56</price><total>1371.2</total></sale><sale><id>1370</id><transdate>11/25/2017</transdate><name><first>Noell</first><last>Luetkemeyer</last></name><street>1 Harper Place</street><state>SC</state><zip>29625</zip><phone>864-721-3455</phone><email>nluetkemeyer3b@zdnet.com</email><prodtype>Jewelery</prodtype><qty>2</qty><price>89.2</price><total>178.4</total></sale><sale><id>1371</id><transdate>05/06/2017</transdate><name><first>Melisandra</first><last>Magog</last></name><street>9369 Almo Junction</street><state>CA</state><zip>94237</zip><phone>916-360-6648</phone><email>mmagog3c@huffingtonpost.com</email><prodtype>Kids</prodtype><qty>23</qty><price>27.92</price><total>642.16</total></sale><sale><id>1372</id><transdate>08/08/2015</transdate><name><first>Evelin</first><last>Edelmann</last></name><street>8359 Rowland Circle</street><state>MA</state><zip>02104</zip><phone>318-521-7663</phone><email>eedelmann3d@usgs.gov</email><prodtype>Garden</prodtype><qty>1</qty><price>37.82</price><total>37.82</total></sale><sale><id>1373</id><transdate>01/18/2015</transdate><name><first>Libbi</first><last>Cavey</last></name><street>1 Delaware Way</street><state>TX</state><zip>77288</zip><phone>713-249-1355</phone><email>lcavey3e@archive.org</email><prodtype>Tools</prodtype><qty>1</qty><price>85.28</price><total>85.28</total></sale><sale><id>1374</id><transdate>09/10/2017</transdate><name><first>Philip</first><last>Pietrowski</last></name><street>3737 4th Lane</street><state>UT</state><zip>84110</zip><phone>801-773-9979</phone><email>ppietrowski3f@ustream.tv</email><prodtype>Outdoors</prodtype><qty>15</qty><price>41.25</price><total>618.75</total></sale><sale><id>1375</id><transdate>02/09/2015</transdate><name><first>Glen</first><last>Barrow</last></name><street>82 Everett Circle</street><state>TN</state><zip>37665</zip><phone>423-635-8482</phone><email>gbarrow3g@qq.com</email><prodtype>Toys</prodtype><qty>19</qty><price>63.83</price><total>1212.77</total></sale><sale><id>1376</id><transdate>02/28/2015</transdate><name><first>Clare</first><last>Allmark</last></name><street>46337 Charing Cross Court</street><state>MD</state><zip>21747</zip><phone>240-309-1644</phone><email>callmark3h@amazon.de</email><prodtype>Games</prodtype><qty>2</qty><price>2.76</price><total>5.52</total></sale><sale><id>1377</id><transdate>12/02/2015</transdate><name><first>Bliss</first><last>Truse</last></name><street>304 West Court</street><state>TX</state><zip>78415</zip><phone>361-828-1436</phone><email/><prodtype>Tools</prodtype><qty>10</qty><price>52.18</price><total>521.8</total></sale><sale><id>1378</id><transdate>05/21/2017</transdate><name><first>Benedikt</first><last>Treen</last></name><street>25643 Hovde Place</street><state>CO</state><zip>80127</zip><phone>303-726-5225</phone><email>btreen3j@dmoz.org</email><prodtype>Sports</prodtype><qty>1</qty><price>21.05</price><total>21.05</total></sale><sale><id>1379</id><transdate>09/01/2015</transdate><name><first>Torrence</first><last>Gebuhr</last></name><street>6039 Hoffman Center</street><state>MO</state><zip>64193</zip><phone>816-339-4282</phone><email>tgebuhr3k@oaic.gov.au</email><prodtype>Jewelery</prodtype><qty>7</qty><price>21.12</price><total>147.84</total></sale><sale><id>1380</id><transdate>10/15/2016</transdate><name><first>Anabal</first><last>Petrashov</last></name><street>406 Prentice Pass</street><state>LA</state><zip>70174</zip><phone>504-985-2500</phone><email>apetrashov3l@telegraph.co.uk</email><prodtype>Beauty</prodtype><qty>4</qty><price>92.5</price><total>370.0</total></sale><sale><id>1381</id><transdate>07/19/2017</transdate><name><first>Mirna</first><last>Shilvock</last></name><street>3 La Follette Center</street><state>CA</state><zip>93907</zip><phone>831-904-4074</phone><email/><prodtype>Garden</prodtype><qty>3</qty><price>12.15</price><total>36.45</total></sale><sale><id>1382</id><transdate>01/01/2017</transdate><name><first>Tuckie</first><last>Nutton</last></name><street>393 Cascade Crossing</street><state>AZ</state><zip>85083</zip><phone>602-836-1296</phone><email>tnutton3n@cnet.com</email><prodtype>Tools</prodtype><qty>1</qty><price>29.18</price><total>29.18</total></sale><sale><id>1383</id><transdate>09/13/2016</transdate><name><first>Candide</first><last>Blaes</last></name><street>419 Chinook Court</street><state>VA</state><zip>23237</zip><phone>804-954-1010</phone><email>cblaes3o@engadget.com</email><prodtype>Tools</prodtype><qty>25</qty><price>93.61</price><total>2340.25</total></sale><sale><id>1384</id><transdate>05/22/2016</transdate><name><first>Eldridge</first><last>Paoletti</last></name><street>90 Lerdahl Plaza</street><state>FL</state><zip>33180</zip><phone>954-830-9889</phone><email>epaoletti3p@tamu.edu</email><prodtype>Clothing</prodtype><qty>11</qty><price>3.64</price><total>40.04</total></sale><sale><id>1385</id><transdate>03/28/2015</transdate><name><first>Edgardo</first><last>Oldnall</last></name><street>87 Sherman Plaza</street><state>TX</state><zip>75062</zip><phone>972-858-2683</phone><email>eoldnall3q@harvard.edu</email><prodtype>Automotive</prodtype><qty>1</qty><price>60.09</price><total>60.09</total></sale><sale><id>1386</id><transdate>06/25/2016</transdate><name><first>Timmi</first><last>Garrood</last></name><street>6569 Sugar Plaza</street><state>OH</state><zip>44393</zip><phone>234-122-9767</phone><email>tgarrood3r@tamu.edu</email><prodtype>Sports</prodtype><qty>18</qty><price>2.79</price><total>50.22</total></sale><sale><id>1387</id><transdate>08/19/2015</transdate><name><first>Aurore</first><last>Warrilow</last></name><street>2 Calypso Street</street><state>FL</state><zip>33075</zip><phone>754-737-5062</phone><email>awarrilow3s@businesswire.com</email><prodtype>Baby</prodtype><qty>16</qty><price>23.22</price><total>371.52</total></sale><sale><id>1388</id><transdate>09/11/2015</transdate><name><first>Sharl</first><last>Berford</last></name><street>97 Hazelcrest Park</street><state>NC</state><zip>27116</zip><phone>336-332-2458</phone><email>sberford3t@kickstarter.com</email><prodtype>Beauty</prodtype><qty>7</qty><price>70.57</price><total>493.99</total></sale><sale><id>1389</id><transdate>01/21/2017</transdate><name><first>Sayre</first><last>Martlew</last></name><street>970 Service Park</street><state>NC</state><zip>28205</zip><phone>704-188-4372</phone><email>smartlew3u@sciencedaily.com</email><prodtype>Health</prodtype><qty>23</qty><price>48.11</price><total>1106.53</total></sale><sale><id>1390</id><transdate>10/17/2017</transdate><name><first>Gabriel</first><last>Blennerhassett</last></name><street>66 Green Ridge Street</street><state>TX</state><zip>75507</zip><phone>903-333-4600</phone><email>gblennerhassett3v@edublogs.org</email><prodtype>Baby</prodtype><qty>17</qty><price>82.96</price><total>1410.32</total></sale><sale><id>1391</id><transdate>07/25/2015</transdate><name><first>Levi</first><last>Campagne</last></name><street>04 Laurel Plaza</street><state>WA</state><zip>98109</zip><phone>425-139-1545</phone><email>lcampagne3w@cnbc.com</email><prodtype>Books</prodtype><qty>13</qty><price>6.07</price><total>78.91</total></sale><sale><id>1392</id><transdate>02/24/2015</transdate><name><first>Brewer</first><last>Burdoun</last></name><street>928 Claremont Park</street><state>CA</state><zip>93407</zip><phone>805-920-1277</phone><email>bburdoun3x@blogs.com</email><prodtype>Music</prodtype><qty>19</qty><price>72.51</price><total>1377.69</total></sale><sale><id>1393</id><transdate>08/12/2015</transdate><name><first>Gert</first><last>Glass</last></name><street/><state>WI</state><zip>54305</zip><phone>920-433-9249</phone><email>gglass3y@dell.com</email><prodtype>Health</prodtype><qty>24</qty><price>99.07</price><total>2377.68</total></sale><sale><id>1394</id><transdate>08/02/2017</transdate><name><first>Kellina</first><last>Everil</last></name><street>01386 Namekagon Pass</street><state>TX</state><zip>79188</zip><phone>806-685-2324</phone><email/><prodtype>Movies</prodtype><qty>14</qty><price>82.15</price><total>1150.1</total></sale><sale><id>1395</id><transdate>04/13/2016</transdate><name><first>Ephraim</first><last>Hardman</last></name><street/><state>TX</state><zip>75251</zip><phone>214-359-1186</phone><email/><prodtype>Automotive</prodtype><qty>25</qty><price>87.16</price><total>2179.0</total></sale><sale><id>1396</id><transdate>09/12/2015</transdate><name><first>Carly</first><last>Stoves</last></name><street>38454 Pankratz Park</street><state>CA</state><zip>93794</zip><phone/><email>cstoves41@irs.gov</email><prodtype>Kids</prodtype><qty>7</qty><price>55.1</price><total>385.7</total></sale><sale><id>1397</id><transdate>04/12/2015</transdate><name><first>Deny</first><last>Waith</last></name><street>14 Carpenter Terrace</street><state>ME</state><zip>04109</zip><phone>207-225-7702</phone><email>dwaith42@engadget.com</email><prodtype>Movies</prodtype><qty>13</qty><price>51.51</price><total>669.63</total></sale><sale><id>1398</id><transdate>08/29/2016</transdate><name><first>Anna</first><last>Fergyson</last></name><street>505 Melrose Drive</street><state>WV</state><zip>25326</zip><phone>304-305-3311</phone><email>afergyson43@xinhuanet.com</email><prodtype>Clothing</prodtype><qty>25</qty><price>67.46</price><total>1686.5</total></sale><sale><id>1399</id><transdate>04/06/2017</transdate><name><first>Bertie</first><last>Winmill</last></name><street>3435 Valley Edge Circle</street><state>KS</state><zip>66617</zip><phone>785-839-8376</phone><email/><prodtype>Shoes</prodtype><qty>2</qty><price>62.0</price><total>124.0</total></sale><sale><id>1400</id><transdate>11/15/2016</transdate><name><first>Raymond</first><last>Doig</last></name><street>2 Farmco Parkway</street><state>OK</state><zip>74133</zip><phone>918-621-9624</phone><email>rdoig45@wikispaces.com</email><prodtype>Movies</prodtype><qty>6</qty><price>7.72</price><total>46.32</total></sale><sale><id>1401</id><transdate>05/01/2016</transdate><name><first>Hatty</first><last>Matteacci</last></name><street/><state>PA</state><zip>15230</zip><phone>412-697-3655</phone><email>hmatteacci46@de.vu</email><prodtype>Toys</prodtype><qty>10</qty><price>29.28</price><total>292.8</total></sale><sale><id>1402</id><transdate>03/13/2016</transdate><name><first>Reta</first><last>Broune</last></name><street>350 Dennis Terrace</street><state>MO</state><zip>64142</zip><phone/><email>rbroune47@stanford.edu</email><prodtype>Outdoors</prodtype><qty>25</qty><price>38.04</price><total>951.0</total></sale><sale><id>1403</id><transdate>09/28/2016</transdate><name><first>Shayne</first><last>Pitfield</last></name><street>53 Harbort Center</street><state>CA</state><zip>95113</zip><phone>650-203-0754</phone><email>spitfield48@dell.com</email><prodtype>Outdoors</prodtype><qty>13</qty><price>25.27</price><total>328.51</total></sale><sale><id>1404</id><transdate>05/08/2017</transdate><name><first>Sam</first><last>Tate</last></name><street>7 Duke Trail</street><state>OH</state><zip>45020</zip><phone>937-819-6679</phone><email>state49@google.co.jp</email><prodtype>Kids</prodtype><qty>13</qty><price>23.42</price><total>304.46</total></sale><sale><id>1405</id><transdate>02/04/2015</transdate><name><first>Rudolfo</first><last>Barritt</last></name><street>97876 Annamark Trail</street><state>PA</state><zip>16522</zip><phone>814-589-4606</phone><email/><prodtype>Books</prodtype><qty>13</qty><price>54.12</price><total>703.56</total></sale><sale><id>1406</id><transdate>05/20/2016</transdate><name><first>Jehanna</first><last>Felstead</last></name><street>62 Utah Pass</street><state>GA</state><zip>30375</zip><phone>404-358-3491</phone><email>jfelstead4b@pagesperso-orange.fr</email><prodtype>Movies</prodtype><qty>17</qty><price>99.11</price><total>1684.87</total></sale><sale><id>1407</id><transdate>12/13/2015</transdate><name><first>Marten</first><last>Vossgen</last></name><street>8262 Carioca Avenue</street><state>MD</state><zip>20784</zip><phone>301-232-3578</phone><email/><prodtype>Outdoors</prodtype><qty>5</qty><price>64.99</price><total>324.95</total></sale><sale><id>1408</id><transdate>09/01/2015</transdate><name><first>Chic</first><last>Sailer</last></name><street>73079 Golden Leaf Street</street><state>PA</state><zip>19136</zip><phone>267-857-2314</phone><email/><prodtype>Electronics</prodtype><qty>16</qty><price>95.25</price><total>1524.0</total></sale><sale><id>1409</id><transdate>12/10/2015</transdate><name><first>Damiano</first><last>Andrews</last></name><street>477 Del Mar Circle</street><state>MN</state><zip>55123</zip><phone>952-895-3853</phone><email>dandrews4e@disqus.com</email><prodtype>Home</prodtype><qty>16</qty><price>27.02</price><total>432.32</total></sale><sale><id>1410</id><transdate>10/11/2015</transdate><name><first>Reagen</first><last>Stigers</last></name><street>95831 Fremont Crossing</street><state>AR</state><zip>72905</zip><phone>479-927-9523</phone><email>rstigers4f@amazonaws.com</email><prodtype>Computers</prodtype><qty>22</qty><price>4.52</price><total>99.44</total></sale><sale><id>1411</id><transdate>01/31/2017</transdate><name><first>Lonnard</first><last>Turban</last></name><street>2 Morrow Parkway</street><state>MO</state><zip>63126</zip><phone>636-934-6755</phone><email>lturban4g@liveinternet.ru</email><prodtype>Automotive</prodtype><qty>1</qty><price>20.46</price><total>20.46</total></sale><sale><id>1412</id><transdate>03/15/2016</transdate><name><first>Averil</first><last>Stickles</last></name><street>384 Artisan Crossing</street><state>DC</state><zip>20078</zip><phone>202-749-8322</phone><email>astickles4h@hud.gov</email><prodtype>Computers</prodtype><qty>1</qty><price>98.09</price><total>98.09</total></sale><sale><id>1413</id><transdate>03/29/2017</transdate><name><first>Lissa</first><last>Ekins</last></name><street>1204 Hudson Court</street><state>TX</state><zip>77554</zip><phone>409-687-3393</phone><email/><prodtype>Books</prodtype><qty>21</qty><price>89.09</price><total>1870.89</total></sale><sale><id>1414</id><transdate>09/29/2015</transdate><name><first>Chantalle</first><last>Mannering</last></name><street>9 Evergreen Parkway</street><state>VA</state><zip>22244</zip><phone>571-947-2390</phone><email>cmannering4j@artisteer.com</email><prodtype>Movies</prodtype><qty>11</qty><price>7.03</price><total>77.33</total></sale><sale><id>1415</id><transdate>03/28/2017</transdate><name><first>Vidovik</first><last>Pyson</last></name><street>3 Mcguire Avenue</street><state>TX</state><zip>88563</zip><phone>915-628-7194</phone><email>vpyson4k@yelp.com</email><prodtype>Shoes</prodtype><qty>18</qty><price>83.88</price><total>1509.84</total></sale><sale><id>1416</id><transdate>06/20/2016</transdate><name><first>Sandye</first><last>Phonix</last></name><street>970 Starling Avenue</street><state>NY</state><zip>10125</zip><phone>212-965-4275</phone><email>sphonix4l@godaddy.com</email><prodtype>Outdoors</prodtype><qty>22</qty><price>24.0</price><total>528.0</total></sale><sale><id>1417</id><transdate>10/07/2017</transdate><name><first>Tatiana</first><last>Altimas</last></name><street>5099 Arizona Terrace</street><state>KY</state><zip>41905</zip><phone/><email>taltimas4m@pagesperso-orange.fr</email><prodtype>Books</prodtype><qty>4</qty><price>88.67</price><total>354.68</total></sale><sale><id>1418</id><transdate>03/03/2017</transdate><name><first>Cassondra</first><last>Tranmer</last></name><street>439 Oakridge Alley</street><state>DC</state><zip>20319</zip><phone>202-989-1879</phone><email>ctranmer4n@mapquest.com</email><prodtype>Garden</prodtype><qty>3</qty><price>22.43</price><total>67.29</total></sale><sale><id>1419</id><transdate>05/02/2015</transdate><name><first>Tobit</first><last>Gruszka</last></name><street>23 Service Hill</street><state>KS</state><zip>67236</zip><phone/><email>tgruszka4o@dell.com</email><prodtype>Health</prodtype><qty>9</qty><price>46.14</price><total>415.26</total></sale><sale><id>1420</id><transdate>07/02/2017</transdate><name><first>Preston</first><last>Pooke</last></name><street>87 Waxwing Parkway</street><state>LA</state><zip>70593</zip><phone>337-327-4562</phone><email>ppooke4p@biglobe.ne.jp</email><prodtype>Jewelery</prodtype><qty>2</qty><price>80.85</price><total>161.7</total></sale><sale><id>1421</id><transdate>05/10/2017</transdate><name><first>Editha</first><last>Cupper</last></name><street>56828 Upham Trail</street><state>SC</state><zip>29208</zip><phone>803-861-9235</phone><email>ecupper4q@mashable.com</email><prodtype>Clothing</prodtype><qty>7</qty><price>14.91</price><total>104.37</total></sale><sale><id>1422</id><transdate>01/15/2015</transdate><name><first>Oliy</first><last>McDill</last></name><street>83 Tennessee Terrace</street><state>DC</state><zip>20508</zip><phone>202-949-6515</phone><email/><prodtype>Music</prodtype><qty>6</qty><price>9.31</price><total>55.86</total></sale><sale><id>1423</id><transdate>04/11/2017</transdate><name><first>Adolphe</first><last>Stops</last></name><street>2965 Mendota Park</street><state>AR</state><zip>72222</zip><phone/><email>astops4s@ox.ac.uk</email><prodtype>Shoes</prodtype><qty>5</qty><price>99.54</price><total>497.7</total></sale><sale><id>1424</id><transdate>10/13/2015</transdate><name><first>Louisa</first><last>Carling</last></name><street>546 Dayton Place</street><state>TN</state><zip>37245</zip><phone/><email/><prodtype>Computers</prodtype><qty>15</qty><price>65.09</price><total>976.35</total></sale><sale><id>1425</id><transdate>06/30/2016</transdate><name><first>Lorine</first><last>Markham</last></name><street>6 Manley Drive</street><state>VA</state><zip>24014</zip><phone>540-528-5617</phone><email>lmarkham4u@oracle.com</email><prodtype>Music</prodtype><qty>9</qty><price>18.14</price><total>163.26</total></sale><sale><id>1426</id><transdate>10/29/2016</transdate><name><first>Sherlock</first><last>Lindl</last></name><street>5395 Grover Alley</street><state>GA</state><zip>30919</zip><phone>706-719-0881</phone><email>slindl4v@sakura.ne.jp</email><prodtype>Tools</prodtype><qty>2</qty><price>69.06</price><total>138.12</total></sale><sale><id>1427</id><transdate>05/11/2015</transdate><name><first>Elset</first><last>Klimentyev</last></name><street>7 Emmet Court</street><state>TX</state><zip>77025</zip><phone>281-357-8333</phone><email>eklimentyev4w@furl.net</email><prodtype>Outdoors</prodtype><qty>24</qty><price>89.31</price><total>2143.44</total></sale><sale><id>1428</id><transdate>08/11/2017</transdate><name><first>Fred</first><last>Bendley</last></name><street>82847 Sauthoff Avenue</street><state>NE</state><zip>68524</zip><phone>402-485-0183</phone><email/><prodtype>Industrial</prodtype><qty>21</qty><price>2.57</price><total>53.97</total></sale><sale><id>1429</id><transdate>10/17/2016</transdate><name><first>Chrisse</first><last>Rotherforth</last></name><street>8059 Stang Park</street><state>TX</state><zip>79769</zip><phone>432-794-3229</phone><email>crotherforth4y@wp.com</email><prodtype>Jewelery</prodtype><qty>20</qty><price>59.03</price><total>1180.6</total></sale><sale><id>1430</id><transdate>08/16/2015</transdate><name><first>Eugen</first><last>Reddle</last></name><street>403 Arizona Street</street><state>IN</state><zip>46814</zip><phone>260-273-7490</phone><email>ereddle4z@newsvine.com</email><prodtype>Computers</prodtype><qty>16</qty><price>10.94</price><total>175.04</total></sale><sale><id>1431</id><transdate>10/28/2016</transdate><name><first>Caressa</first><last>Howels</last></name><street>40588 Sherman Center</street><state>FL</state><zip>34949</zip><phone>772-683-5605</phone><email>chowels50@yandex.ru</email><prodtype>Health</prodtype><qty>9</qty><price>87.87</price><total>790.83</total></sale><sale><id>1432</id><transdate>03/25/2015</transdate><name><first>Pamella</first><last>Jagels</last></name><street>492 Fair Oaks Alley</street><state>MN</state><zip>55172</zip><phone>651-652-2655</phone><email>pjagels51@comcast.net</email><prodtype>Garden</prodtype><qty>2</qty><price>78.63</price><total>157.26</total></sale><sale><id>1433</id><transdate>07/08/2016</transdate><name><first>Jo</first><last>Yeude</last></name><street>9059 Artisan Drive</street><state>OH</state><zip>44710</zip><phone>330-579-5930</phone><email>jyeude52@forbes.com</email><prodtype>Computers</prodtype><qty>2</qty><price>93.9</price><total>187.8</total></sale><sale><id>1434</id><transdate>01/13/2015</transdate><name><first>Clevie</first><last>Basili</last></name><street>43671 Hazelcrest Circle</street><state>CA</state><zip>92812</zip><phone>714-826-8929</phone><email>cbasili53@reference.com</email><prodtype>Outdoors</prodtype><qty>5</qty><price>27.14</price><total>135.7</total></sale><sale><id>1435</id><transdate>10/14/2016</transdate><name><first>Lorne</first><last>Stife</last></name><street>7 Northridge Terrace</street><state>MI</state><zip>48275</zip><phone>313-164-1193</phone><email>lstife54@sina.com.cn</email><prodtype>Electronics</prodtype><qty>2</qty><price>34.66</price><total>69.32</total></sale><sale><id>1436</id><transdate>10/17/2017</transdate><name><first>Arch</first><last>Scirman</last></name><street>133 Mendota Crossing</street><state>RI</state><zip>02905</zip><phone>401-746-7550</phone><email>ascirman55@home.pl</email><prodtype>Grocery</prodtype><qty>20</qty><price>93.65</price><total>1873.0</total></sale><sale><id>1437</id><transdate>07/29/2015</transdate><name><first>Temp</first><last>Madoc-Jones</last></name><street>3 Ohio Pass</street><state>CA</state><zip>93726</zip><phone>559-643-4810</phone><email>tmadocjones56@ox.ac.uk</email><prodtype>Electronics</prodtype><qty>9</qty><price>3.57</price><total>32.13</total></sale><sale><id>1438</id><transdate>11/02/2017</transdate><name><first>Oralle</first><last>Klimashevich</last></name><street>865 Forest Dale Drive</street><state>OK</state><zip>73157</zip><phone>405-243-9560</phone><email/><prodtype>Industrial</prodtype><qty>12</qty><price>98.72</price><total>1184.64</total></sale><sale><id>1439</id><transdate>10/20/2016</transdate><name><first>Darya</first><last>Piel</last></name><street>6 Jenifer Way</street><state>CA</state><zip>93106</zip><phone>805-899-7745</phone><email>dpiel58@wikispaces.com</email><prodtype>Garden</prodtype><qty>24</qty><price>76.07</price><total>1825.68</total></sale><sale><id>1440</id><transdate>03/14/2017</transdate><name><first>Theodore</first><last>Dace</last></name><street>63958 Milwaukee Road</street><state>CA</state><zip>92121</zip><phone>760-652-5759</phone><email>tdace59@homestead.com</email><prodtype>Kids</prodtype><qty>6</qty><price>43.52</price><total>261.12</total></sale><sale><id>1441</id><transdate>03/22/2017</transdate><name><first>Aggie</first><last>Brettor</last></name><street>59840 Dapin Trail</street><state>IA</state><zip>50936</zip><phone>515-830-3554</phone><email>abrettor5a@patch.com</email><prodtype>Kids</prodtype><qty>22</qty><price>88.64</price><total>1950.08</total></sale><sale><id>1442</id><transdate>11/30/2017</transdate><name><first>Wendeline</first><last>MacVagh</last></name><street>8259 Prairieview Center</street><state>VA</state><zip>24020</zip><phone>540-794-5508</phone><email>wmacvagh5b@sohu.com</email><prodtype>Games</prodtype><qty>13</qty><price>84.01</price><total>1092.13</total></sale><sale><id>1443</id><transdate>07/05/2016</transdate><name><first>Raoul</first><last>Mulqueen</last></name><street>18344 Anderson Circle</street><state>TX</state><zip>77035</zip><phone>281-868-7630</phone><email/><prodtype>Shoes</prodtype><qty>14</qty><price>35.86</price><total>502.04</total></sale><sale><id>1444</id><transdate>02/26/2017</transdate><name><first>Sindee</first><last>Clothier</last></name><street>6 Mcbride Crossing</street><state>WA</state><zip>98109</zip><phone>425-598-7980</phone><email>sclothier5d@liveinternet.ru</email><prodtype>Books</prodtype><qty>24</qty><price>45.08</price><total>1081.92</total></sale><sale><id>1445</id><transdate>08/24/2015</transdate><name><first>Layton</first><last>Pattrick</last></name><street>26492 Tomscot Plaza</street><state>CA</state><zip>94105</zip><phone>310-526-6728</phone><email/><prodtype>Baby</prodtype><qty>7</qty><price>55.63</price><total>389.41</total></sale><sale><id>1446</id><transdate>12/05/2017</transdate><name><first>Haywood</first><last>O'Riordan</last></name><street>61 Northport Alley</street><state>AR</state><zip>72199</zip><phone>501-579-5471</phone><email>horiordan5f@businessinsider.com</email><prodtype>Kids</prodtype><qty>18</qty><price>66.42</price><total>1195.56</total></sale><sale><id>1447</id><transdate>11/23/2016</transdate><name><first>Sharl</first><last>Boerder</last></name><street>0 Loomis Trail</street><state>GA</state><zip>30066</zip><phone>770-424-6502</phone><email/><prodtype>Shoes</prodtype><qty>14</qty><price>6.64</price><total>92.96</total></sale><sale><id>1448</id><transdate>09/01/2015</transdate><name><first>Si</first><last>Mollindinia</last></name><street>1 Raven Trail</street><state>GA</state><zip>30911</zip><phone>706-133-7175</phone><email/><prodtype>Outdoors</prodtype><qty>17</qty><price>18.62</price><total>316.54</total></sale><sale><id>1449</id><transdate>10/12/2017</transdate><name><first>Farah</first><last>Seares</last></name><street>34704 Manley Point</street><state>AZ</state><zip>85737</zip><phone>520-785-9929</phone><email/><prodtype>Grocery</prodtype><qty>15</qty><price>33.74</price><total>506.1</total></sale><sale><id>1450</id><transdate>01/10/2016</transdate><name><first>Sammie</first><last>Algie</last></name><street>112 Holmberg Point</street><state>MI</state><zip>48076</zip><phone>586-258-9255</phone><email/><prodtype>Tools</prodtype><qty>25</qty><price>24.68</price><total>617.0</total></sale><sale><id>1451</id><transdate>06/23/2017</transdate><name><first>Arni</first><last>Hartup</last></name><street>8 Almo Terrace</street><state>OH</state><zip>44125</zip><phone>440-838-5055</phone><email>ahartup5k@eventbrite.com</email><prodtype>Clothing</prodtype><qty>15</qty><price>42.32</price><total>634.8</total></sale><sale><id>1452</id><transdate>08/21/2017</transdate><name><first>Stesha</first><last>Abramamov</last></name><street>0087 Sachs Crossing</street><state>DC</state><zip>20456</zip><phone>202-425-8781</phone><email>sabramamov5l@w3.org</email><prodtype>Home</prodtype><qty>21</qty><price>23.79</price><total>499.59</total></sale><sale><id>1453</id><transdate>12/17/2015</transdate><name><first>Babbie</first><last>Storrier</last></name><street>5 Victoria Park</street><state>OH</state><zip>45213</zip><phone>513-498-0706</phone><email>bstorrier5m@geocities.com</email><prodtype>Outdoors</prodtype><qty>1</qty><price>85.92</price><total>85.92</total></sale><sale><id>1454</id><transdate>02/18/2015</transdate><name><first>Cristiano</first><last>Standbridge</last></name><street>54254 Mariners Cove Park</street><state>GA</state><zip>31196</zip><phone>404-203-0698</phone><email>cstandbridge5n@japanpost.jp</email><prodtype>Garden</prodtype><qty>4</qty><price>23.51</price><total>94.04</total></sale><sale><id>1455</id><transdate>11/07/2017</transdate><name><first>Stevena</first><last>Stanhope</last></name><street>6592 Scott Park</street><state>GA</state><zip>30306</zip><phone>404-482-2136</phone><email>sstanhope5o@sbwire.com</email><prodtype>Grocery</prodtype><qty>25</qty><price>48.64</price><total>1216.0</total></sale><sale><id>1456</id><transdate>09/17/2016</transdate><name><first>Lawton</first><last>Darte</last></name><street>3 Gerald Street</street><state>CA</state><zip>92878</zip><phone>951-462-6979</phone><email>ldarte5p@toplist.cz</email><prodtype>Outdoors</prodtype><qty>13</qty><price>31.25</price><total>406.25</total></sale><sale><id>1457</id><transdate>04/24/2017</transdate><name><first>Husain</first><last>Piddocke</last></name><street>4 Novick Parkway</street><state>FL</state><zip>33436</zip><phone>561-362-4171</phone><email>hpiddocke5q@reference.com</email><prodtype>Kids</prodtype><qty>22</qty><price>30.5</price><total>671.0</total></sale><sale><id>1458</id><transdate>12/27/2017</transdate><name><first>Winston</first><last>Blunsum</last></name><street>921 Nancy Street</street><state>DC</state><zip>20078</zip><phone>202-292-3152</phone><email/><prodtype>Baby</prodtype><qty>1</qty><price>33.27</price><total>33.27</total></sale><sale><id>1459</id><transdate>02/01/2016</transdate><name><first>Jonis</first><last>Nolli</last></name><street>89758 Washington Lane</street><state>MD</state><zip>21290</zip><phone>410-694-9832</phone><email>jnolli5s@taobao.com</email><prodtype>Clothing</prodtype><qty>14</qty><price>92.56</price><total>1295.84</total></sale><sale><id>1460</id><transdate>12/14/2015</transdate><name><first>Corrina</first><last>Cockshott</last></name><street>9 Calypso Hill</street><state>NJ</state><zip>07505</zip><phone>973-625-9187</phone><email>ccockshott5t@stumbleupon.com</email><prodtype>Clothing</prodtype><qty>5</qty><price>56.29</price><total>281.45</total></sale><sale><id>1461</id><transdate>01/31/2017</transdate><name><first>Reginald</first><last>Mawdsley</last></name><street>11058 Burning Wood Hill</street><state>CA</state><zip>95833</zip><phone>530-334-5492</phone><email>rmawdsley5u@usatoday.com</email><prodtype>Electronics</prodtype><qty>12</qty><price>98.95</price><total>1187.4</total></sale><sale><id>1462</id><transdate>03/06/2017</transdate><name><first>Melina</first><last>Tasker</last></name><street>40 Rockefeller Avenue</street><state>AZ</state><zip>85072</zip><phone>602-898-6446</phone><email>mtasker5v@aol.com</email><prodtype>Baby</prodtype><qty>8</qty><price>41.82</price><total>334.56</total></sale><sale><id>1463</id><transdate>08/30/2016</transdate><name><first>Fraser</first><last>Karppi</last></name><street>845 Vermont Junction</street><state>FL</state><zip>33028</zip><phone>954-296-4101</phone><email>fkarppi5w@tumblr.com</email><prodtype>Kids</prodtype><qty>22</qty><price>82.87</price><total>1823.14</total></sale><sale><id>1464</id><transdate>09/20/2017</transdate><name><first>Matt</first><last>Skinley</last></name><street>887 Dorton Alley</street><state>MN</state><zip>55565</zip><phone>763-448-1954</phone><email>mskinley5x@nyu.edu</email><prodtype>Baby</prodtype><qty>11</qty><price>47.88</price><total>526.68</total></sale><sale><id>1465</id><transdate>05/19/2016</transdate><name><first>Kirby</first><last>Stollberg</last></name><street>87083 Dorton Center</street><state>FL</state><zip>33448</zip><phone>561-982-4266</phone><email/><prodtype>Baby</prodtype><qty>4</qty><price>43.16</price><total>172.64</total></sale><sale><id>1466</id><transdate>09/04/2015</transdate><name><first>Peta</first><last>Egan</last></name><street>0224 Sheridan Trail</street><state>CA</state><zip>93591</zip><phone>661-440-8751</phone><email>pegan5z@mac.com</email><prodtype>Grocery</prodtype><qty>12</qty><price>77.31</price><total>927.72</total></sale><sale><id>1467</id><transdate>09/22/2017</transdate><name><first>Julita</first><last>Kincade</last></name><street>3 Eggendart Terrace</street><state>MI</state><zip>49544</zip><phone>616-196-2685</phone><email>jkincade60@uol.com.br</email><prodtype>Jewelery</prodtype><qty>9</qty><price>40.42</price><total>363.78</total></sale><sale><id>1468</id><transdate>12/02/2016</transdate><name><first>Sumner</first><last>McCree</last></name><street>81 Moland Lane</street><state>IA</state><zip>50335</zip><phone>515-433-6925</phone><email>smccree61@apache.org</email><prodtype>Automotive</prodtype><qty>2</qty><price>91.99</price><total>183.98</total></sale><sale><id>1469</id><transdate>09/12/2016</transdate><name><first>Haroun</first><last>Musslewhite</last></name><street>0826 New Castle Circle</street><state>KY</state><zip>40524</zip><phone>859-274-2775</phone><email/><prodtype>Kids</prodtype><qty>15</qty><price>70.83</price><total>1062.45</total></sale><sale><id>1470</id><transdate>07/27/2015</transdate><name><first>Kylila</first><last>Leteurtre</last></name><street>23 Elgar Drive</street><state>TX</state><zip>78465</zip><phone>361-596-5744</phone><email>kleteurtre63@xinhuanet.com</email><prodtype>Computers</prodtype><qty>24</qty><price>56.73</price><total>1361.52</total></sale><sale><id>1471</id><transdate>04/30/2015</transdate><name><first>Fey</first><last>Potier</last></name><street>0 Scoville Court</street><state>VA</state><zip>24515</zip><phone>434-533-1540</phone><email>fpotier64@liveinternet.ru</email><prodtype>Computers</prodtype><qty>12</qty><price>83.63</price><total>1003.56</total></sale><sale><id>1472</id><transdate>01/02/2017</transdate><name><first>Berkeley</first><last>Skoyles</last></name><street>05 Rowland Circle</street><state>ME</state><zip>04109</zip><phone>207-539-4974</phone><email>bskoyles65@cnn.com</email><prodtype>Grocery</prodtype><qty>23</qty><price>55.64</price><total>1279.72</total></sale><sale><id>1473</id><transdate>09/16/2016</transdate><name><first>Flore</first><last>Rude</last></name><street>3 Packers Trail</street><state>MS</state><zip>39204</zip><phone>601-555-1309</phone><email>frude66@edublogs.org</email><prodtype>Movies</prodtype><qty>12</qty><price>52.29</price><total>627.48</total></sale><sale><id>1474</id><transdate>01/02/2017</transdate><name><first>Tye</first><last>Sprigings</last></name><street>8952 Huxley Court</street><state>IA</state><zip>50347</zip><phone/><email>tsprigings67@google.it</email><prodtype>Books</prodtype><qty>13</qty><price>30.07</price><total>390.91</total></sale><sale><id>1475</id><transdate>11/04/2016</transdate><name><first>Carmela</first><last>Killock</last></name><street>37526 Shelley Street</street><state>IA</state><zip>51110</zip><phone>712-483-1968</phone><email>ckillock68@yelp.com</email><prodtype>Outdoors</prodtype><qty>21</qty><price>76.64</price><total>1609.44</total></sale><sale><id>1476</id><transdate>08/30/2016</transdate><name><first>Ganny</first><last>Dowderswell</last></name><street>75321 Welch Pass</street><state>OH</state><zip>44505</zip><phone/><email/><prodtype>Outdoors</prodtype><qty>17</qty><price>88.34</price><total>1501.78</total></sale><sale><id>1477</id><transdate>09/16/2017</transdate><name><first>Lorianne</first><last>Boise</last></name><street>5 Melby Circle</street><state>CA</state><zip>90805</zip><phone>310-983-0366</phone><email>lboise6a@biblegateway.com</email><prodtype>Beauty</prodtype><qty>6</qty><price>30.85</price><total>185.1</total></sale><sale><id>1478</id><transdate>09/08/2016</transdate><name><first>Reinwald</first><last>Gawthrope</last></name><street>317 Manufacturers Way</street><state>CA</state><zip>95219</zip><phone>209-231-4501</phone><email/><prodtype>Garden</prodtype><qty>14</qty><price>39.78</price><total>556.92</total></sale><sale><id>1479</id><transdate>10/28/2015</transdate><name><first>Evelina</first><last>Baddiley</last></name><street>53733 Sugar Place</street><state>CA</state><zip>92186</zip><phone>619-467-5339</phone><email>ebaddiley6c@gmpg.org</email><prodtype>Home</prodtype><qty>15</qty><price>47.77</price><total>716.55</total></sale><sale><id>1480</id><transdate>01/12/2017</transdate><name><first>Carmelita</first><last>Ruffler</last></name><street>467 Hauk Plaza</street><state>AL</state><zip>36622</zip><phone>251-483-0752</phone><email>cruffler6d@springer.com</email><prodtype>Automotive</prodtype><qty>19</qty><price>25.37</price><total>482.03</total></sale><sale><id>1481</id><transdate>12/04/2016</transdate><name><first>Ellary</first><last>Burchmore</last></name><street>03 Veith Lane</street><state>CA</state><zip>91186</zip><phone>626-243-6232</phone><email>eburchmore6e@wsj.com</email><prodtype>Automotive</prodtype><qty>13</qty><price>37.38</price><total>485.94</total></sale><sale><id>1482</id><transdate>10/02/2015</transdate><name><first>Aundrea</first><last>Dilleway</last></name><street>911 Hintze Parkway</street><state>WA</state><zip>98104</zip><phone>360-537-7131</phone><email/><prodtype>Computers</prodtype><qty>20</qty><price>44.83</price><total>896.6</total></sale><sale><id>1483</id><transdate>07/17/2015</transdate><name><first>Jandy</first><last>Maddaford</last></name><street>280 Sommers Plaza</street><state>CT</state><zip>06160</zip><phone>860-417-6512</phone><email>jmaddaford6g@sourceforge.net</email><prodtype>Movies</prodtype><qty>20</qty><price>73.47</price><total>1469.4</total></sale><sale><id>1484</id><transdate>01/26/2015</transdate><name><first>Shelby</first><last>Robart</last></name><street>57385 Hanover Street</street><state>MA</state><zip>01605</zip><phone>508-828-5828</phone><email>srobart6h@mysql.com</email><prodtype>Health</prodtype><qty>16</qty><price>13.48</price><total>215.68</total></sale><sale><id>1485</id><transdate>04/10/2015</transdate><name><first>Jereme</first><last>Wingfield</last></name><street>1 Schmedeman Plaza</street><state>DC</state><zip>20409</zip><phone>202-461-4427</phone><email>jwingfield6i@buzzfeed.com</email><prodtype>Grocery</prodtype><qty>11</qty><price>68.79</price><total>756.69</total></sale><sale><id>1486</id><transdate>08/14/2016</transdate><name><first>Jonas</first><last>Keir</last></name><street>6 Oriole Park</street><state>MN</state><zip>55103</zip><phone>612-604-5202</phone><email>jkeir6j@altervista.org</email><prodtype>Industrial</prodtype><qty>23</qty><price>70.51</price><total>1621.73</total></sale><sale><id>1487</id><transdate>01/25/2016</transdate><name><first>Rochester</first><last>Vickers</last></name><street>3008 Eastlawn Lane</street><state>SC</state><zip>29203</zip><phone>803-433-5361</phone><email>rvickers6k@msn.com</email><prodtype>Books</prodtype><qty>12</qty><price>66.27</price><total>795.24</total></sale><sale><id>1488</id><transdate>10/11/2016</transdate><name><first>Sabrina</first><last>Brownsett</last></name><street/><state>OH</state><zip>45426</zip><phone>937-503-9528</phone><email>sbrownsett6l@yale.edu</email><prodtype>Grocery</prodtype><qty>15</qty><price>81.93</price><total>1228.95</total></sale><sale><id>1489</id><transdate>08/16/2015</transdate><name><first>Bennett</first><last>Ollander</last></name><street>60485 Tennyson Park</street><state>FL</state><zip>33233</zip><phone>786-728-5419</phone><email>bollander6m@sourceforge.net</email><prodtype>Automotive</prodtype><qty>16</qty><price>85.02</price><total>1360.32</total></sale><sale><id>1490</id><transdate>03/23/2016</transdate><name><first>Ashia</first><last>Mosby</last></name><street>8 Corben Circle</street><state>NY</state><zip>14215</zip><phone>716-328-8043</phone><email>amosby6n@fema.gov</email><prodtype>Movies</prodtype><qty>20</qty><price>56.87</price><total>1137.4</total></sale><sale><id>1491</id><transdate>03/26/2017</transdate><name><first>Hermy</first><last>Schlag</last></name><street>297 Glendale Trail</street><state>CA</state><zip>90035</zip><phone>818-816-7097</phone><email>hschlag6o@technorati.com</email><prodtype>Electronics</prodtype><qty>7</qty><price>70.13</price><total>490.91</total></sale><sale><id>1492</id><transdate>11/18/2017</transdate><name><first>Rozanne</first><last>Durning</last></name><street>69 Stone Corner Lane</street><state>WI</state><zip>53205</zip><phone/><email>rdurning6p@shinystat.com</email><prodtype>Tools</prodtype><qty>9</qty><price>3.44</price><total>30.96</total></sale><sale><id>1493</id><transdate>09/12/2015</transdate><name><first>Baxie</first><last>Wann</last></name><street>877 Eagan Hill</street><state>MI</state><zip>48930</zip><phone>517-123-1369</phone><email>bwann6q@blogtalkradio.com</email><prodtype>Movies</prodtype><qty>24</qty><price>81.8</price><total>1963.2</total></sale><sale><id>1494</id><transdate>12/22/2015</transdate><name><first>Arielle</first><last>Geeson</last></name><street>5450 Butterfield Way</street><state>CA</state><zip>94207</zip><phone>916-857-2894</phone><email>ageeson6r@plala.or.jp</email><prodtype>Industrial</prodtype><qty>13</qty><price>78.63</price><total>1022.19</total></sale><sale><id>1495</id><transdate>09/29/2016</transdate><name><first>Ewen</first><last>Paslow</last></name><street>5014 Dorton Parkway</street><state>GA</state><zip>31217</zip><phone>478-555-8563</phone><email/><prodtype>Computers</prodtype><qty>10</qty><price>79.11</price><total>791.1</total></sale><sale><id>1496</id><transdate>09/20/2015</transdate><name><first>Ellery</first><last>Fountian</last></name><street>50 Fisk Crossing</street><state>NH</state><zip>00214</zip><phone>603-786-9424</phone><email>efountian6t@si.edu</email><prodtype>Health</prodtype><qty>4</qty><price>34.44</price><total>137.76</total></sale><sale><id>1497</id><transdate>08/17/2016</transdate><name><first>Jazmin</first><last>Ephgrave</last></name><street>9 Knutson Junction</street><state>AL</state><zip>35244</zip><phone>205-605-1916</phone><email>jephgrave6u@usa.gov</email><prodtype>Grocery</prodtype><qty>8</qty><price>87.6</price><total>700.8</total></sale><sale><id>1498</id><transdate>03/14/2015</transdate><name><first>Timmi</first><last>Penhale</last></name><street>4 Sunnyside Avenue</street><state>TX</state><zip>77276</zip><phone/><email>tpenhale6v@accuweather.com</email><prodtype>Outdoors</prodtype><qty>19</qty><price>91.51</price><total>1738.69</total></sale><sale><id>1499</id><transdate>08/05/2015</transdate><name><first>Mame</first><last>Tumility</last></name><street>71 Blue Bill Park Crossing</street><state>CT</state><zip>06152</zip><phone>860-944-5953</phone><email>mtumility6w@cbslocal.com</email><prodtype>Music</prodtype><qty>10</qty><price>83.2</price><total>832.0</total></sale><sale><id>1500</id><transdate>09/21/2015</transdate><name><first>Yalonda</first><last>Duffree</last></name><street>8794 Mifflin Center</street><state>NV</state><zip>89714</zip><phone>775-568-6238</phone><email>yduffree6x@blogs.com</email><prodtype>Sports</prodtype><qty>4</qty><price>57.39</price><total>229.56</total></sale></saletable>