[{"sid":1501,"sdate":"2017/01/27","cname":"Price Alabaster","address":{"street":"2247 Calypso Avenue","state":"AK","zip":"99709"},"phonenum":"9073784826","emailaddr":"palabaster0@dmoz.org","prod":"Kids","quantity":15,"price":44.67,"totamt":670.05},
{"sid":1502,"sdate":"2016/06/23","cname":"Rosalie Russon","address":{"street":"62458 Melvin Lane","state":"DC","zip":"20404"},"phonenum":"2022336029","emailaddr":"rrusson1@about.com","prod":"Health","quantity":13,"price":42.17,"totamt":548.21},
{"sid":1503,"sdate":"2015/12/01","cname":"Winne Sanchiz","address":{"street":"6 Morrow Drive","state":"IN","zip":"46896"},"phonenum":"2605853928","prod":"Tools","quantity":17,"price":45.75,"totamt":777.75},
{"sid":1504,"sdate":"2016/05/19","cname":"Tiebold MacGillivray","address":{"street":"2261 Quincy Pass","state":"VA","zip":"23213"},"phonenum":"8048824519","emailaddr":"tmacgillivray3@businessweek.com","prod":"Shoes","quantity":12,"price":47.93,"totamt":575.16},
{"sid":1505,"sdate":"2017/09/13","cname":"Bradley Gownge","address":{"street":"04723 Brentwood Crossing","state":"IL","zip":"62525"},"phonenum":"2178864004","emailaddr":"bgownge4@hostgator.com","prod":"Grocery","quantity":15,"price":36.9,"totamt":553.5},
{"sid":1506,"sdate":"2015/08/08","cname":"Blinny Brotherhed","address":{"state":"LA","zip":"70005"},"phonenum":"5044742108","emailaddr":"bbrotherhed5@blog.com","prod":"Jewelery","quantity":17,"price":88.25,"totamt":1500.25},
{"sid":1507,"sdate":"2017/10/27","cname":"Chrissy Kyte","address":{"street":"55534 John Wall Parkway","state":"GA","zip":"30045"},"phonenum":"6783365607","emailaddr":"ckyte6@samsung.com","prod":"Music","quantity":18,"price":57.98,"totamt":1043.64},
{"sid":1508,"sdate":"2016/02/07","cname":"Luther Askwith","address":{"street":"8 Lakeland Way","state":"DC","zip":"20530"},"emailaddr":"laskwith7@psu.edu","prod":"Health","quantity":11,"price":4.18,"totamt":45.98},
{"sid":1509,"sdate":"2017/08/29","cname":"Vivyanne Halling","address":{"street":"558 Havey Court","state":"VA","zip":"23242"},"phonenum":"8047998947","emailaddr":"vhalling8@seattletimes.com","prod":"Books","quantity":2,"price":24.39,"totamt":48.78},
{"sid":1510,"sdate":"2015/05/13","cname":"Oralie Parysiak","address":{"street":"87 Del Sol Lane","state":"NY","zip":"10469"},"phonenum":"7184660270","emailaddr":"oparysiak9@ted.com","prod":"Outdoors","quantity":19,"price":80.73,"totamt":1533.87},
{"sid":1511,"sdate":"2015/03/25","cname":"Nickolaus Munkton","address":{"street":"475 John Wall Avenue","state":"NC","zip":"27605"},"phonenum":"9196966653","prod":"Jewelery","quantity":25,"price":35.64,"totamt":891.0},
{"sid":1512,"sdate":"2017/06/21","cname":"Paulo Cherrison","address":{"street":"5833 Crest Line Pass","state":"IN","zip":"46231"},"phonenum":"3171044385","emailaddr":"pcherrisonb@php.net","prod":"Games","quantity":13,"price":11.74,"totamt":152.62},
{"sid":1513,"sdate":"2016/08/03","cname":"Elisa Oldall","address":{"street":"3 La Follette Pass","state":"MN","zip":"55123"},"emailaddr":"eoldallc@google.com.br","prod":"Beauty","quantity":1,"price":14.71,"totamt":14.71},
{"sid":1514,"sdate":"2015/09/15","cname":"Maurise Gladman","address":{"street":"6466 Forster Avenue","state":"WV","zip":"25336"},"phonenum":"3045069719","emailaddr":"mgladmand@typepad.com","prod":"Industrial","quantity":10,"price":42.49,"totamt":424.9},
{"sid":1515,"sdate":"2017/05/18","cname":"Catrina Klees","address":{"street":"6815 Valley Edge Pass","state":"NH","zip":"00214"},"phonenum":"6031535984","emailaddr":"ckleese@purevolume.com","prod":"Games","quantity":17,"price":24.73,"totamt":420.41},
{"sid":1516,"sdate":"2015/06/12","cname":"Emlynne Tolchard","address":{"street":"896 Stephen Circle","state":"MA","zip":"02142"},"phonenum":"9782758892","emailaddr":"etolchardf@gov.uk","prod":"Baby","quantity":10,"price":73.85,"totamt":738.5},
{"sid":1517,"sdate":"2015/12/01","cname":"Bram Obington","address":{"street":"4 Northfield Center","state":"NY","zip":"11205"},"phonenum":"6468500056","emailaddr":"bobingtong@ucoz.com","prod":"Garden","quantity":6,"price":21.4,"totamt":128.4},
{"sid":1518,"sdate":"2015/07/09","cname":"Willie Aspel","address":{"street":"79061 Hayes Trail","state":"FL","zip":"34611"},"phonenum":"3525166422","emailaddr":"waspelh@mayoclinic.com","prod":"Grocery","quantity":18,"price":91.48,"totamt":1646.64},
{"sid":1519,"sdate":"2017/06/25","cname":"Emmaline Bramont","address":{"street":"6 Onsgard Avenue","state":"OK","zip":"73157"},"phonenum":"4051835318","emailaddr":"ebramonti@telegraph.co.uk","prod":"Jewelery","quantity":15,"price":94.87,"totamt":1423.05},
{"sid":1520,"sdate":"2016/09/30","cname":"Zonda Foan","address":{"street":"82 Birchwood Way","state":"TX","zip":"77050"},"phonenum":"2815844145","prod":"Garden","quantity":23,"price":75.5,"totamt":1736.5},
{"sid":1521,"sdate":"2017/01/20","cname":"Jaquelin Holdren","address":{"street":"646 Eggendart Parkway","state":"SC","zip":"29215"},"phonenum":"8036707474","emailaddr":"jholdrenk@ameblo.jp","prod":"Shoes","quantity":12,"price":11.45,"totamt":137.4},
{"sid":1522,"sdate":"2016/12/21","cname":"Lenee Klasing","address":{"street":"6 Tony Circle","state":"IN","zip":"47905"},"phonenum":"7653836310","emailaddr":"lklasingl@pinterest.com","prod":"Games","quantity":6,"price":67.64,"totamt":405.84},
{"sid":1523,"sdate":"2017/09/28","cname":"Joela Onthank","address":{"street":"6062 Warner Plaza","state":"CA","zip":"94154"},"phonenum":"4152314221","emailaddr":"jonthankm@microsoft.com","prod":"Home","quantity":19,"price":28.92,"totamt":549.48},
{"sid":1524,"sdate":"2016/11/30","cname":"Roana Baddiley","address":{"street":"34 Amoth Trail","state":"CT","zip":"06160"},"phonenum":"8601646463","prod":"Beauty","quantity":8,"price":50.34,"totamt":402.72},
{"sid":1525,"sdate":"2015/11/13","cname":"Collette Marguerite","address":{"street":"7397 Elka Crossing","state":"KY","zip":"40576"},"phonenum":"8597156032","prod":"Kids","quantity":12,"price":27.15,"totamt":325.8},
{"sid":1526,"sdate":"2017/02/10","cname":"Padget Pollard","address":{"street":"10204 Crownhardt Pass","state":"CT","zip":"06726"},"phonenum":"2037013474","emailaddr":"ppollardp@bloomberg.com","prod":"Baby","quantity":16,"price":37.55,"totamt":600.8},
{"sid":1527,"sdate":"2015/03/24","cname":"Gordy Firpo","address":{"street":"55 Loomis Terrace","state":"GA","zip":"31217"},"phonenum":"9126590071","emailaddr":"gfirpoq@cnn.com","prod":"Books","quantity":14,"price":91.94,"totamt":1287.16},
{"sid":1528,"sdate":"2017/11/04","cname":"Christoper Harbach","address":{"street":"41895 Hallows Road","state":"PA","zip":"15235"},"phonenum":"4123014399","emailaddr":"charbachr@dell.com","prod":"Beauty","quantity":23,"price":78.48,"totamt":1805.04},
{"sid":1529,"sdate":"2017/01/23","cname":"Hieronymus Winser","address":{"street":"2042 Susan Center","state":"NC","zip":"27116"},"phonenum":"3363979050","emailaddr":"hwinsers@spiegel.de","prod":"Garden","quantity":23,"price":15.07,"totamt":346.61},
{"sid":1530,"sdate":"2015/09/10","cname":"Allx O'Longain","address":{"street":"59442 Monterey Trail","state":"CA","zip":"95973"},"phonenum":"5306409822","emailaddr":"aolongaint@vinaora.com","prod":"Shoes","quantity":10,"price":78.92,"totamt":789.2},
{"sid":1531,"sdate":"2017/04/03","cname":"Kelcey Drains","address":{"street":"2 Spohn Avenue","state":"AZ","zip":"85215"},"phonenum":"6021686218","emailaddr":"kdrainsu@icio.us","prod":"Outdoors","quantity":6,"price":66.61,"totamt":399.66},
{"sid":1532,"sdate":"2017/09/28","cname":"Karena Lidgey","address":{"street":"1554 Moulton Avenue","state":"PA","zip":"19125"},"phonenum":"2151494026","emailaddr":"klidgeyv@paginegialle.it","prod":"Computers","quantity":10,"price":24.72,"totamt":247.2},
{"sid":1533,"sdate":"2017/10/11","cname":"Trix Hubatsch","address":{"street":"405 Hoard Court","state":"CA","zip":"93704"},"phonenum":"5593599407","emailaddr":"thubatschw@soup.io","prod":"Computers","quantity":6,"price":97.99,"totamt":587.94},
{"sid":1534,"sdate":"2016/05/24","cname":"Filia Norkutt","address":{"street":"885 Vera Lane","state":"MN","zip":"55811"},"phonenum":"2183454830","emailaddr":"fnorkuttx@theguardian.com","prod":"Garden","quantity":8,"price":56.96,"totamt":455.68},
{"sid":1535,"sdate":"2015/08/18","cname":"Garik Corbyn","address":{"street":"0 Meadow Ridge Alley","state":"MN","zip":"55436"},"phonenum":"9529429591","emailaddr":"gcorbyny@army.mil","prod":"Home","quantity":25,"price":9.39,"totamt":234.75},
{"sid":1536,"sdate":"2015/08/25","cname":"Yolane Redhead","address":{"street":"8 Shoshone Drive","state":"AL","zip":"35263"},"phonenum":"2058954207","emailaddr":"yredheadz@blogger.com","prod":"Music","quantity":24,"price":99.73,"totamt":2393.52},
{"sid":1537,"sdate":"2015/08/04","cname":"Phelia Marvel","address":{"street":"73800 Elka Junction","state":"GA","zip":"30392"},"phonenum":"4046695053","prod":"Beauty","quantity":10,"price":69.42,"totamt":694.2},
{"sid":1538,"sdate":"2017/02/05","cname":"Annie Durnford","address":{"state":"FL","zip":"32575"},"phonenum":"8501362127","prod":"Shoes","quantity":23,"price":74.44,"totamt":1712.12},
{"sid":1539,"sdate":"2016/04/21","cname":"Carl Keelin","address":{"street":"4115 Chive Pass","state":"MO","zip":"64504"},"emailaddr":"ckeelin12@ameblo.jp","prod":"Beauty","quantity":16,"price":96.22,"totamt":1539.52},
{"sid":1540,"sdate":"2016/02/09","cname":"Pauly Keijser","address":{"street":"50419 Stang Crossing","state":"NV","zip":"89012"},"phonenum":"7027110075","emailaddr":"pkeijser13@wikia.com","prod":"Sports","quantity":19,"price":50.59,"totamt":961.21},
{"sid":1541,"sdate":"2016/05/30","cname":"Gabbey Conklin","address":{"state":"KY","zip":"40287"},"phonenum":"5026346429","emailaddr":"gconklin14@paginegialle.it","prod":"Movies","quantity":12,"price":32.31,"totamt":387.72},
{"sid":1542,"sdate":"2016/01/24","cname":"Terrel Sokale","address":{"street":"55 Mariners Cove Lane","state":"PA","zip":"16522"},"emailaddr":"tsokale15@narod.ru","prod":"Books","quantity":17,"price":79.83,"totamt":1357.11},
{"sid":1543,"sdate":"2015/12/13","cname":"Fania Prahl","address":{"street":"6701 Starling Plaza","state":"TX","zip":"75236"},"phonenum":"4698772958","emailaddr":"fprahl16@gnu.org","prod":"Movies","quantity":10,"price":26.4,"totamt":264.0},
{"sid":1544,"sdate":"2016/05/30","cname":"Noll Cosans","address":{"street":"10 Kipling Lane","state":"LA","zip":"71130"},"phonenum":"3185226508","emailaddr":"ncosans17@cdbaby.com","prod":"Garden","quantity":25,"price":61.82,"totamt":1545.5},
{"sid":1545,"sdate":"2017/06/21","cname":"Darbee Galego","address":{"street":"91749 Melby Center","state":"TX","zip":"77346"},"phonenum":"7136248736","emailaddr":"dgalego18@myspace.com","prod":"Industrial","quantity":2,"price":57.78,"totamt":115.56},
{"sid":1546,"sdate":"2017/07/14","cname":"Ari Jess","address":{"street":"42 Summit Point","state":"PA","zip":"19191"},"phonenum":"2151641968","emailaddr":"ajess19@pcworld.com","prod":"Tools","quantity":10,"price":99.94,"totamt":999.4},
{"sid":1547,"sdate":"2015/01/09","cname":"Tiebold Fieldgate","address":{"street":"64 Glendale Trail","state":"CA","zip":"93721"},"phonenum":"5596657691","prod":"Movies","quantity":3,"price":27.11,"totamt":81.33},
{"sid":1548,"sdate":"2017/01/27","cname":"Flory Vero","address":{"street":"87218 Spenser Point","state":"PA","zip":"16505"},"phonenum":"8147803876","prod":"Industrial","quantity":13,"price":87.41,"totamt":1136.33},
{"sid":1549,"sdate":"2017/05/02","cname":"Audre Lyford","address":{"state":"PA","zip":"19196"},"phonenum":"2159501693","prod":"Computers","quantity":20,"price":90.35,"totamt":1807.0},
{"sid":1550,"sdate":"2017/11/10","cname":"Georges Espinosa","address":{"street":"9101 Buhler Hill","state":"MN","zip":"55127"},"phonenum":"6514726707","emailaddr":"gespinosa1d@noaa.gov","prod":"Grocery","quantity":22,"price":5.13,"totamt":112.86},
{"sid":1551,"sdate":"2017/07/29","cname":"Geraldine Glancey","address":{"street":"6 Elka Park","state":"MO","zip":"64130"},"phonenum":"8169349952","emailaddr":"gglancey1e@craigslist.org","prod":"Movies","quantity":4,"price":13.59,"totamt":54.36},
{"sid":1552,"sdate":"2016/05/10","cname":"Alwin Labes","address":{"street":"6 Everett Park","state":"VA","zip":"23289"},"phonenum":"8042780978","emailaddr":"alabes1f@prlog.org","prod":"Grocery","quantity":16,"price":4.83,"totamt":77.28},
{"sid":1553,"sdate":"2017/01/02","cname":"Domenico Wilmut","address":{"street":"86190 Kennedy Trail","state":"CA","zip":"94105"},"phonenum":"6507366172","emailaddr":"dwilmut1g@yahoo.com","prod":"Automotive","quantity":10,"price":38.15,"totamt":381.5},
{"sid":1554,"sdate":"2015/05/10","cname":"Paul Aidler","address":{"street":"64 Karstens Way","state":"OH","zip":"44505"},"phonenum":"3307446688","prod":"Beauty","quantity":13,"price":15.34,"totamt":199.42},
{"sid":1555,"sdate":"2017/10/30","cname":"Shelba Hidderley","address":{"street":"420 Columbus Road","state":"TX","zip":"79176"},"phonenum":"8066772619","emailaddr":"shidderley1i@nbcnews.com","prod":"Computers","quantity":4,"price":72.59,"totamt":290.36},
{"sid":1556,"sdate":"2016/08/22","cname":"Midge Pearlman","address":{"street":"25972 Manufacturers Circle","state":"NY","zip":"11225"},"phonenum":"7189429509","prod":"Books","quantity":14,"price":36.91,"totamt":516.74},
{"sid":1557,"sdate":"2016/06/21","cname":"Bellina Nertney","address":{"street":"8096 Tennessee Way","state":"CA","zip":"92710"},"phonenum":"7147163014","emailaddr":"bnertney1k@phoca.cz","prod":"Baby","quantity":15,"price":97.85,"totamt":1467.75},
{"sid":1558,"sdate":"2015/01/18","cname":"Abeu Judson","address":{"street":"22482 Esch Hill","state":"TX","zip":"76011"},"phonenum":"8172976482","emailaddr":"ajudson1l@hao123.com","prod":"Outdoors","quantity":19,"price":20.09,"totamt":381.71},
{"sid":1559,"sdate":"2017/11/26","cname":"Amalia Brosch","address":{"street":"2 Wayridge Pass","state":"FL","zip":"33805"},"phonenum":"8636226421","emailaddr":"abrosch1m@yellowpages.com","prod":"Shoes","quantity":14,"price":76.11,"totamt":1065.54},
{"sid":1560,"sdate":"2016/10/21","cname":"Ninnette Fumagall","address":{"street":"3 Meadow Vale Avenue","state":"MD","zip":"21229"},"phonenum":"4435901503","emailaddr":"nfumagall1n@uiuc.edu","prod":"Baby","quantity":19,"price":21.59,"totamt":410.21},
{"sid":1561,"sdate":"2017/12/25","cname":"Katalin Ivannikov","address":{"street":"5223 Cascade Parkway","state":"TX","zip":"88574"},"phonenum":"9153389284","emailaddr":"kivannikov1o@w3.org","prod":"Industrial","quantity":15,"price":96.46,"totamt":1446.9},
{"sid":1562,"sdate":"2015/09/12","cname":"Kassie Allenby","address":{"street":"3744 Aberg Point","state":"VA","zip":"22070"},"phonenum":"7577662521","emailaddr":"kallenby1p@tinypic.com","prod":"Jewelery","quantity":3,"price":63.47,"totamt":190.41},
{"sid":1563,"sdate":"2015/05/14","cname":"Emera McConnal","address":{"street":"350 Muir Circle","state":"KS","zip":"66667"},"phonenum":"7853955007","emailaddr":"emcconnal1q@shareasale.com","prod":"Outdoors","quantity":13,"price":71.75,"totamt":932.75},
{"sid":1564,"sdate":"2015/02/11","cname":"Ashlie MacMorland","address":{"street":"61 Jackson Trail","state":"MI","zip":"48107"},"phonenum":"7342006946","emailaddr":"amacmorland1r@acquirethisname.com","prod":"Jewelery","quantity":22,"price":51.85,"totamt":1140.7},
{"sid":1565,"sdate":"2016/05/12","cname":"Roth Ulster","address":{"street":"1 Buhler Junction","state":"FL","zip":"33647"},"phonenum":"8131701973","emailaddr":"rulster1s@irs.gov","prod":"Jewelery","quantity":4,"price":80.5,"totamt":322.0},
{"sid":1566,"sdate":"2017/08/12","cname":"Way Inseal","address":{"street":"132 Monica Way","state":"TX","zip":"75372"},"phonenum":"2141940806","emailaddr":"winseal1t@sitemeter.com","prod":"Home","quantity":12,"price":54.11,"totamt":649.32},
{"sid":1567,"sdate":"2015/06/16","cname":"Letti Haggus","address":{"street":"4933 Cambridge Circle","state":"TX","zip":"79410"},"phonenum":"8061755729","emailaddr":"lhaggus1u@zimbio.com","prod":"Computers","quantity":7,"price":73.46,"totamt":514.22},
{"sid":1568,"sdate":"2017/11/05","cname":"Alexa Tollet","address":{"street":"378 Morning Pass","state":"TX","zip":"78044"},"emailaddr":"atollet1v@tumblr.com","prod":"Games","quantity":9,"price":32.24,"totamt":290.16},
{"sid":1569,"sdate":"2017/09/06","cname":"Janel Karsh","address":{"state":"FL","zip":"34474"},"phonenum":"3525186202","prod":"Books","quantity":15,"price":54.99,"totamt":824.85},
{"sid":1570,"sdate":"2017/08/13","cname":"Mikey Wingar","address":{"street":"10667 Fulton Point","state":"NJ","zip":"08603"},"phonenum":"6091745630","emailaddr":"mwingar1x@icio.us","prod":"Electronics","quantity":7,"price":71.87,"totamt":503.09},
{"sid":1571,"sdate":"2016/10/01","cname":"Elke Floris","address":{"street":"62 Westridge Alley","state":"MI","zip":"48092"},"emailaddr":"efloris1y@springer.com","prod":"Toys","quantity":24,"price":28.72,"totamt":689.28},
{"sid":1572,"sdate":"2015/12/24","cname":"Megan Yvon","address":{"street":"8035 Mccormick Center","state":"GA","zip":"30356"},"phonenum":"4041523502","emailaddr":"myvon1z@com.com","prod":"Industrial","quantity":11,"price":65.0,"totamt":715.0},
{"sid":1573,"sdate":"2016/10/12","cname":"Almire Garrelts","address":{"street":"4 Algoma Alley","state":"ND","zip":"58207"},"phonenum":"7018663153","emailaddr":"agarrelts20@netlog.com","prod":"Outdoors","quantity":15,"price":38.76,"totamt":581.4},
{"sid":1574,"sdate":"2016/06/18","cname":"Theodosia Dunklee","address":{"street":"3611 Northfield Road","state":"CA","zip":"93381"},"phonenum":"6618863245","emailaddr":"tdunklee21@flickr.com","prod":"Games","quantity":20,"price":8.41,"totamt":168.2},
{"sid":1575,"sdate":"2015/01/31","cname":"Glenda Worton","address":{"street":"573 Sugar Hill","state":"MI","zip":"49018"},"phonenum":"2692748632","prod":"Movies","quantity":15,"price":1.59,"totamt":23.85},
{"sid":1576,"sdate":"2015/01/06","cname":"Benji Parkman","address":{"street":"2495 Prairieview Center","state":"KY","zip":"40220"},"emailaddr":"bparkman23@howstuffworks.com","prod":"Books","quantity":9,"price":93.42,"totamt":840.78},
{"sid":1577,"sdate":"2016/01/20","cname":"Lombard Markwick","address":{"street":"1 Oak Valley Court","state":"MI","zip":"48206"},"phonenum":"8106954436","emailaddr":"lmarkwick24@gov.uk","prod":"Kids","quantity":11,"price":13.04,"totamt":143.44},
{"sid":1578,"sdate":"2015/04/16","cname":"Leroi Mealham","address":{"street":"0 Eagan Place","state":"CA","zip":"92145"},"phonenum":"6195092057","emailaddr":"lmealham25@examiner.com","prod":"Industrial","quantity":11,"price":23.63,"totamt":259.93},
{"sid":1579,"sdate":"2017/08/12","cname":"Grant Dunne","address":{"street":"7 Rigney Lane","state":"FL","zip":"33499"},"phonenum":"5616469199","emailaddr":"gdunne26@dion.ne.jp","prod":"Baby","quantity":19,"price":79.16,"totamt":1504.04},
{"sid":1580,"sdate":"2015/04/28","cname":"Lulita Travers","address":{"street":"303 Sherman Plaza","state":"OH","zip":"44705"},"phonenum":"3308721802","emailaddr":"ltravers27@ucoz.com","prod":"Shoes","quantity":13,"price":76.49,"totamt":994.37},
{"sid":1581,"sdate":"2016/09/14","cname":"Tabb Rainford","address":{"street":"1 Harbort Junction","state":"MN","zip":"55446"},"phonenum":"9529074290","prod":"Outdoors","quantity":1,"price":36.59,"totamt":36.59},
{"sid":1582,"sdate":"2015/10/01","cname":"Susanetta Brosh","address":{"street":"18 Lakeland Junction","state":"MN","zip":"56398"},"emailaddr":"sbrosh29@fema.gov","prod":"Kids","quantity":18,"price":49.15,"totamt":884.7},
{"sid":1583,"sdate":"2016/04/09","cname":"Erda Shepherdson","address":{"street":"196 Clarendon Lane","state":"DC","zip":"20551"},"phonenum":"2023848262","prod":"Games","quantity":22,"price":9.96,"totamt":219.12},
{"sid":1584,"sdate":"2017/04/11","cname":"Lenard Lobb","address":{"street":"9 Eagan Circle","state":"TN","zip":"37250"},"phonenum":"6156104059","emailaddr":"llobb2b@kickstarter.com","prod":"Home","quantity":4,"price":42.36,"totamt":169.44},
{"sid":1585,"sdate":"2016/05/24","cname":"Danyette Arkin","address":{"state":"NY","zip":"11407"},"phonenum":"5167994377","emailaddr":"darkin2c@blinklist.com","prod":"Baby","quantity":21,"price":13.92,"totamt":292.32},
{"sid":1586,"sdate":"2015/12/15","cname":"Glennis Aaronsohn","address":{"street":"82710 Scoville Crossing","state":"OH","zip":"44321"},"phonenum":"3309741380","emailaddr":"gaaronsohn2d@mashable.com","prod":"Sports","quantity":14,"price":68.75,"totamt":962.5},
{"sid":1587,"sdate":"2017/11/09","cname":"Robby Rieger","address":{"street":"24227 Veith Lane","state":"NY","zip":"13251"},"prod":"Beauty","quantity":5,"price":77.73,"totamt":388.65},
{"sid":1588,"sdate":"2017/03/17","cname":"Dorice Cuschieri","address":{"street":"7271 Ilene Avenue","state":"NY","zip":"10150"},"phonenum":"2127548731","emailaddr":"dcuschieri2f@so-net.ne.jp","prod":"Jewelery","quantity":23,"price":54.25,"totamt":1247.75},
{"sid":1589,"sdate":"2016/08/08","cname":"Issy Withey","address":{"street":"406 Artisan Point","state":"IL","zip":"60691"},"phonenum":"3129083409","emailaddr":"iwithey2g@washington.edu","prod":"Books","quantity":10,"price":20.36,"totamt":203.6},
{"sid":1590,"sdate":"2017/06/05","cname":"Haily Rugieri","address":{"street":"1324 Talisman Terrace","state":"FL","zip":"33673"},"phonenum":"8134504626","prod":"Grocery","quantity":8,"price":90.79,"totamt":726.32},
{"sid":1591,"sdate":"2016/05/27","cname":"Dorelle Greatham","address":{"street":"6 Fair Oaks Alley","state":"FL","zip":"32835"},"phonenum":"4075580379","prod":"Beauty","quantity":23,"price":48.18,"totamt":1108.14},
{"sid":1592,"sdate":"2015/03/26","cname":"Consalve Colville","address":{"street":"89 Old Gate Point","state":"FL","zip":"33142"},"emailaddr":"ccolville2j@bing.com","prod":"Tools","quantity":11,"price":93.25,"totamt":1025.75},
{"sid":1593,"sdate":"2015/07/22","cname":"Carolan Whisker","address":{"street":"1806 Crescent Oaks Junction","state":"UT","zip":"84409"},"phonenum":"8019236179","emailaddr":"cwhisker2k@utexas.edu","prod":"Outdoors","quantity":17,"price":27.44,"totamt":466.48},
{"sid":1594,"sdate":"2015/10/02","cname":"Laurie Tinan","address":{"street":"6 Manley Terrace","state":"VA","zip":"24004"},"phonenum":"5406773614","emailaddr":"ltinan2l@ftc.gov","prod":"Industrial","quantity":17,"price":8.35,"totamt":141.95},
{"sid":1595,"sdate":"2016/09/30","cname":"Jackson Greenshiels","address":{"street":"7189 Hagan Circle","state":"CA","zip":"92812"},"phonenum":"7147871502","emailaddr":"jgreenshiels2m@cbslocal.com","prod":"Movies","quantity":24,"price":32.55,"totamt":781.2},
{"sid":1596,"sdate":"2016/09/27","cname":"Tara Butterfint","address":{"street":"9134 Sherman Pass","state":"OH","zip":"45254"},"phonenum":"5133279589","emailaddr":"tbutterfint2n@ebay.com","prod":"Tools","quantity":17,"price":72.19,"totamt":1227.23},
{"sid":1597,"sdate":"2016/02/15","cname":"Maxy Sutor","address":{"street":"60045 Corry Court","state":"CO","zip":"80638"},"phonenum":"9703975289","emailaddr":"msutor2o@washington.edu","prod":"Baby","quantity":10,"price":83.29,"totamt":832.9},
{"sid":1598,"sdate":"2016/11/11","cname":"Kore Dunbleton","address":{"street":"06 Hudson Terrace","state":"IL","zip":"60630"},"phonenum":"8474806272","emailaddr":"kdunbleton2p@sitemeter.com","prod":"Books","quantity":2,"price":32.1,"totamt":64.2},
{"sid":1599,"sdate":"2015/09/23","cname":"Sherri Lyndon","address":{"street":"5743 La Follette Center","state":"LA","zip":"71166"},"phonenum":"3186010838","prod":"Computers","quantity":10,"price":55.82,"totamt":558.2},
{"sid":1600,"sdate":"2017/04/18","cname":"Dasi Stratz","address":{"street":"813 Kipling Way","state":"TX","zip":"78240"},"phonenum":"2102152653","emailaddr":"dstratz2r@comcast.net","prod":"Kids","quantity":10,"price":2.87,"totamt":28.7},
{"sid":1601,"sdate":"2016/12/15","cname":"Tiertza Passe","address":{"street":"1532 Rutledge Drive","state":"FL","zip":"33448"},"phonenum":"5615479754","emailaddr":"tpasse2s@epa.gov","prod":"Kids","quantity":10,"price":72.26,"totamt":722.6},
{"sid":1602,"sdate":"2015/02/22","cname":"Abbey Kubu","address":{"street":"549 Golf Course Lane","state":"MN","zip":"56398"},"phonenum":"3207358056","emailaddr":"akubu2t@youku.com","prod":"Automotive","quantity":9,"price":11.91,"totamt":107.19},
{"sid":1603,"sdate":"2015/06/25","cname":"Jazmin Demer","address":{"street":"07 John Wall Crossing","state":"TX","zip":"75049"},"emailaddr":"jdemer2u@drupal.org","prod":"Tools","quantity":1,"price":27.37,"totamt":27.37},
{"sid":1604,"sdate":"2017/06/07","cname":"Ranique Jozsef","address":{"street":"4279 Mesta Drive","state":"AL","zip":"35295"},"phonenum":"2054278670","emailaddr":"rjozsef2v@studiopress.com","prod":"Shoes","quantity":13,"price":16.07,"totamt":208.91},
{"sid":1605,"sdate":"2015/12/10","cname":"Caryn Carmichael","address":{"street":"9 Ludington Drive","state":"CA","zip":"93907"},"phonenum":"8315223395","emailaddr":"ccarmichael2w@nsw.gov.au","prod":"Outdoors","quantity":14,"price":86.86,"totamt":1216.04},
{"sid":1606,"sdate":"2017/04/28","cname":"Nels Eads","address":{"street":"37 Oak Valley Trail","state":"WA","zip":"99260"},"phonenum":"5098250460","prod":"Beauty","quantity":22,"price":97.44,"totamt":2143.68},
{"sid":1607,"sdate":"2017/12/02","cname":"Ilse Surmeyer","address":{"street":"31 Daystar Hill","state":"FL","zip":"33013"},"phonenum":"3059955295","prod":"Electronics","quantity":8,"price":40.5,"totamt":324.0},
{"sid":1608,"sdate":"2015/03/23","cname":"Dimitry Wakenshaw","address":{"street":"83585 Continental Crossing","state":"CA","zip":"90035"},"phonenum":"8181309261","emailaddr":"dwakenshaw2z@so-net.ne.jp","prod":"Toys","quantity":5,"price":48.13,"totamt":240.65},
{"sid":1609,"sdate":"2016/11/30","cname":"Vanni Farrears","address":{"street":"15 Scofield Way","state":"WV","zip":"25721"},"phonenum":"3044116386","emailaddr":"vfarrears30@hexun.com","prod":"Music","quantity":15,"price":27.41,"totamt":411.15},
{"sid":1610,"sdate":"2015/11/03","cname":"Ransell Tuffey","address":{"state":"CT","zip":"06183"},"emailaddr":"rtuffey31@dedecms.com","prod":"Books","quantity":22,"price":40.32,"totamt":887.04},
{"sid":1611,"sdate":"2016/10/25","cname":"Judon Fellis","address":{"street":"5 Arizona Pass","state":"NE","zip":"68117"},"phonenum":"4022824812","emailaddr":"jfellis32@unicef.org","prod":"Beauty","quantity":10,"price":34.83,"totamt":348.3},
{"sid":1612,"sdate":"2015/04/04","cname":"Shalne Kingett","address":{"street":"8869 Maryland Pass","state":"TN","zip":"37131"},"phonenum":"6158559772","prod":"Outdoors","quantity":16,"price":13.79,"totamt":220.64},
{"sid":1613,"sdate":"2017/01/27","cname":"Johanna Featonby","address":{"street":"8 Stang Pass","state":"WI","zip":"53779"},"phonenum":"6081440195","emailaddr":"jfeatonby34@wordpress.org","prod":"Grocery","quantity":10,"price":56.06,"totamt":560.6},
{"sid":1614,"sdate":"2017/02/23","cname":"Abbe Owbridge","address":{"street":"21 East Crossing","state":"IN","zip":"47805"},"phonenum":"8128849223","emailaddr":"aowbridge35@europa.eu","prod":"Baby","quantity":20,"price":76.95,"totamt":1539.0},
{"sid":1615,"sdate":"2017/08/23","cname":"Rivkah Thrush","address":{"street":"0402 Packers Avenue","state":"LA","zip":"71151"},"phonenum":"3186757063","emailaddr":"rthrush36@photobucket.com","prod":"Automotive","quantity":10,"price":62.26,"totamt":622.6},
{"sid":1616,"sdate":"2015/07/07","cname":"Byram Sheere","address":{"state":"TX","zip":"76110"},"phonenum":"8177852278","emailaddr":"bsheere37@jiathis.com","prod":"Outdoors","quantity":4,"price":12.74,"totamt":50.96},
{"sid":1617,"sdate":"2017/09/06","cname":"Elora Griston","address":{"street":"35156 Nova Pass","state":"IL","zip":"60208"},"phonenum":"8477021265","emailaddr":"egriston38@goo.gl","prod":"Electronics","quantity":4,"price":86.13,"totamt":344.52},
{"sid":1618,"sdate":"2016/08/10","cname":"Hilary Yushachkov","address":{"street":"4773 Hoffman Street","state":"FL","zip":"34474"},"phonenum":"3523903395","prod":"Kids","quantity":13,"price":99.34,"totamt":1291.42},
{"sid":1619,"sdate":"2017/11/29","cname":"Dionis Yurasov","address":{"street":"7161 Moose Plaza","state":"LA","zip":"70183"},"phonenum":"5045218923","prod":"Home","quantity":17,"price":2.58,"totamt":43.86},
{"sid":1620,"sdate":"2017/12/24","cname":"Ted Prattington","address":{"street":"202 Ruskin Junction","state":"MN","zip":"55188"},"phonenum":"6511670845","emailaddr":"tprattington3b@studiopress.com","prod":"Electronics","quantity":25,"price":72.32,"totamt":1808.0},
{"sid":1621,"sdate":"2015/09/01","cname":"Elane Pllu","address":{"street":"63768 Troy Junction","state":"CA","zip":"93034"},"phonenum":"8055825452","emailaddr":"epllu3c@sfgate.com","prod":"Tools","quantity":10,"price":17.99,"totamt":179.9},
{"sid":1622,"sdate":"2016/12/16","cname":"Mile Kirsch","address":{"street":"5 Drewry Terrace","state":"TX","zip":"75397"},"phonenum":"2141329667","emailaddr":"mkirsch3d@parallels.com","prod":"Movies","quantity":9,"price":77.88,"totamt":700.92},
{"sid":1623,"sdate":"2015/04/28","cname":"Horatio O'Geaney","address":{"street":"0 Reindahl Junction","state":"TX","zip":"77255"},"phonenum":"7135457856","prod":"Games","quantity":1,"price":54.08,"totamt":54.08},
{"sid":1624,"sdate":"2017/04/07","cname":"Gladi Peddel","address":{"street":"4174 North Court","state":"TX","zip":"77206"},"phonenum":"7133756613","emailaddr":"gpeddel3f@vkontakte.ru","prod":"Shoes","quantity":14,"price":76.91,"totamt":1076.74},
{"sid":1625,"sdate":"2015/04/22","cname":"Any Aloigi","address":{"street":"354 Towne Crossing","state":"CA","zip":"92165"},"phonenum":"6192786147","emailaddr":"aaloigi3g@comcast.net","prod":"Jewelery","quantity":8,"price":47.32,"totamt":378.56},
{"sid":1626,"sdate":"2015/09/06","cname":"Burtie Scanlin","address":{"street":"1407 Bashford Junction","state":"OH","zip":"44130"},"phonenum":"2167928034","emailaddr":"bscanlin3h@slashdot.org","prod":"Jewelery","quantity":4,"price":44.38,"totamt":177.52},
{"sid":1627,"sdate":"2016/05/19","cname":"Kain D'Alesio","address":{"street":"487 Mosinee Park","state":"TN","zip":"37250"},"phonenum":"6158274673","emailaddr":"kdalesio3i@omniture.com","prod":"Movies","quantity":8,"price":46.97,"totamt":375.76},
{"sid":1628,"sdate":"2017/04/04","cname":"Oates Turland","address":{"street":"579 Schlimgen Avenue","state":"NV","zip":"89115"},"phonenum":"7024495195","emailaddr":"oturland3j@pbs.org","prod":"Computers","quantity":17,"price":20.76,"totamt":352.92},
{"sid":1629,"sdate":"2016/11/16","cname":"Farrel Gudgen","address":{"street":"1819 Meadow Vale Lane","state":"CA","zip":"92121"},"phonenum":"7607180272","emailaddr":"fgudgen3k@abc.net.au","prod":"Baby","quantity":15,"price":45.71,"totamt":685.65},
{"sid":1630,"sdate":"2015/06/10","cname":"Carla Passo","address":{"street":"776 Redwing Terrace","state":"VA","zip":"23514"},"phonenum":"7577521180","emailaddr":"cpasso3l@arstechnica.com","prod":"Jewelery","quantity":24,"price":55.25,"totamt":1326.0},
{"sid":1631,"sdate":"2015/12/13","cname":"Urbain Massinger","address":{"state":"CA","zip":"92110"},"phonenum":"8586430121","emailaddr":"umassinger3m@google.cn","prod":"Computers","quantity":15,"price":4.92,"totamt":73.8},
{"sid":1632,"sdate":"2015/10/16","cname":"Hanny Cotter","address":{"street":"1753 Mayer Pass","state":"CA","zip":"94286"},"phonenum":"9162626315","emailaddr":"hcotter3n@live.com","prod":"Shoes","quantity":16,"price":33.34,"totamt":533.44},
{"sid":1633,"sdate":"2015/09/01","cname":"Rudolfo Marner","address":{"street":"7276 Carberry Way","state":"TN","zip":"37240"},"prod":"Jewelery","quantity":2,"price":6.49,"totamt":12.98},
{"sid":1634,"sdate":"2016/01/10","cname":"Charlie Jiricka","address":{"street":"04006 Maryland Place","state":"TX","zip":"79188"},"emailaddr":"cjiricka3p@businesswire.com","prod":"Books","quantity":3,"price":2.36,"totamt":7.08},
{"sid":1635,"sdate":"2017/03/29","cname":"Frasco Geibel","address":{"street":"91084 Tomscot Avenue","state":"TX","zip":"75231"},"phonenum":"9727588088","emailaddr":"fgeibel3q@miitbeian.gov.cn","prod":"Computers","quantity":1,"price":19.98,"totamt":19.98},
{"sid":1636,"sdate":"2017/10/07","cname":"Crista Gammack","address":{"street":"01 Northfield Crossing","state":"OH","zip":"45238"},"phonenum":"5139484448","emailaddr":"cgammack3r@yandex.ru","prod":"Toys","quantity":10,"price":10.01,"totamt":100.1},
{"sid":1637,"sdate":"2015/09/15","cname":"Arleen McBride","address":{"street":"7999 Lerdahl Court","state":"NY","zip":"11447"},"phonenum":"7184949062","emailaddr":"amcbride3s@vistaprint.com","prod":"Home","quantity":11,"price":88.07,"totamt":968.77},
{"sid":1638,"sdate":"2016/06/24","cname":"Tad Shefton","address":{"street":"99160 Aberg Parkway","state":"TX","zip":"75507"},"phonenum":"9038693064","emailaddr":"tshefton3t@blinklist.com","prod":"Music","quantity":18,"price":45.15,"totamt":812.7},
{"sid":1639,"sdate":"2015/03/13","cname":"Alla Iacivelli","address":{"street":"485 Thierer Terrace","state":"NV","zip":"89505"},"phonenum":"7754040601","emailaddr":"aiacivelli3u@ed.gov","prod":"Garden","quantity":6,"price":28.88,"totamt":173.28},
{"sid":1640,"sdate":"2016/05/30","cname":"Emilee Fillary","address":{"street":"011 Paget Way","state":"NY","zip":"14624"},"phonenum":"5853234295","emailaddr":"efillary3v@apache.org","prod":"Garden","quantity":19,"price":88.69,"totamt":1685.11},
{"sid":1641,"sdate":"2017/09/24","cname":"Balduin Pigford","address":{"street":"6 Karstens Avenue","state":"SC","zip":"29505"},"phonenum":"8437217310","emailaddr":"bpigford3w@newsvine.com","prod":"Garden","quantity":17,"price":45.4,"totamt":771.8},
{"sid":1642,"sdate":"2016/09/18","cname":"Charline Greschik","address":{"street":"13765 Morningstar Avenue","state":"VA","zip":"22301"},"phonenum":"2026038945","emailaddr":"cgreschik3x@tumblr.com","prod":"Electronics","quantity":15,"price":26.63,"totamt":399.45},
{"sid":1643,"sdate":"2016/06/03","cname":"Prissie Duplain","address":{"street":"175 Gale Road","state":"MA","zip":"02458"},"phonenum":"7819044011","emailaddr":"pduplain3y@apache.org","prod":"Movies","quantity":22,"price":96.37,"totamt":2120.14},
{"sid":1644,"sdate":"2016/02/07","cname":"Fara Bruhnsen","address":{"street":"347 Corry Point","state":"TX","zip":"78405"},"phonenum":"3612802542","prod":"Music","quantity":17,"price":2.1,"totamt":35.7},
{"sid":1645,"sdate":"2017/03/18","cname":"Robbie Rulton","address":{"street":"1 Norway Maple Park","state":"NM","zip":"87105"},"phonenum":"5051092422","emailaddr":"rrulton40@unblog.fr","prod":"Toys","quantity":16,"price":19.77,"totamt":316.32},
{"sid":1646,"sdate":"2017/03/30","cname":"Miguelita Bassindale","address":{"street":"9 Mesta Pass","state":"NY","zip":"11447"},"phonenum":"7189393034","emailaddr":"mbassindale41@delicious.com","prod":"Kids","quantity":17,"price":52.86,"totamt":898.62},
{"sid":1647,"sdate":"2015/05/06","cname":"Othelia Matthias","address":{"street":"39164 Maywood Plaza","state":"FL","zip":"33915"},"phonenum":"2392155228","emailaddr":"omatthias42@yahoo.com","prod":"Grocery","quantity":4,"price":90.7,"totamt":362.8},
{"sid":1648,"sdate":"2015/03/27","cname":"Betsey Thurborn","address":{"street":"3907 Weeping Birch Plaza","state":"AL","zip":"35215"},"phonenum":"2051280474","emailaddr":"bthurborn43@biblegateway.com","prod":"Shoes","quantity":23,"price":6.7,"totamt":154.1},
{"sid":1649,"sdate":"2015/09/02","cname":"Colene Berka","address":{"street":"9 Anthes Drive","state":"CA","zip":"95354"},"phonenum":"2092793393","emailaddr":"cberka44@reddit.com","prod":"Toys","quantity":8,"price":33.32,"totamt":266.56},
{"sid":1650,"sdate":"2016/07/31","cname":"Britteny Strivens","address":{"state":"FL","zip":"32868"},"prod":"Sports","quantity":2,"price":5.22,"totamt":10.44},
{"sid":1651,"sdate":"2015/07/16","cname":"Hartley Straniero","address":{"street":"52713 Rockefeller Plaza","state":"TX","zip":"79984"},"phonenum":"9152015964","emailaddr":"hstraniero46@desdev.cn","prod":"Grocery","quantity":2,"price":31.88,"totamt":63.76},
{"sid":1652,"sdate":"2016/09/13","cname":"Yolanda MacSporran","address":{"street":"39937 Ridgeway Court","state":"WI","zip":"53779"},"phonenum":"6084408734","emailaddr":"ymacsporran47@hp.com","prod":"Movies","quantity":17,"price":57.18,"totamt":972.06},
{"sid":1653,"sdate":"2015/06/20","cname":"Karlene Erat","address":{"street":"1609 Hintze Place","state":"WA","zip":"98516"},"phonenum":"3607379961","emailaddr":"kerat48@unc.edu","prod":"Books","quantity":5,"price":92.88,"totamt":464.4},
{"sid":1654,"sdate":"2015/02/07","cname":"Jackie Branson","address":{"street":"462 Troy Place","state":"NC","zip":"28410"},"phonenum":"9105171607","emailaddr":"jbranson49@oracle.com","prod":"Computers","quantity":14,"price":2.24,"totamt":31.36},
{"sid":1655,"sdate":"2015/07/09","cname":"Meier Hardi","address":{"street":"1663 Schlimgen Drive","state":"NM","zip":"87195"},"prod":"Home","quantity":14,"price":23.32,"totamt":326.48},
{"sid":1656,"sdate":"2015/10/21","cname":"Tatiania Brosio","address":{"street":"342 Old Shore Center","state":"OK","zip":"73197"},"phonenum":"4059094864","emailaddr":"tbrosio4b@webmd.com","prod":"Jewelery","quantity":13,"price":39.07,"totamt":507.91},
{"sid":1657,"sdate":"2016/09/29","cname":"Raviv Chung","address":{"street":"8 Dennis Park","state":"MO","zip":"64130"},"phonenum":"8168618686","emailaddr":"rchung4c@blog.com","prod":"Garden","quantity":14,"price":34.17,"totamt":478.38},
{"sid":1658,"sdate":"2017/02/26","cname":"Niki Ashall","address":{"street":"68725 Golden Leaf Road","state":"TX","zip":"79999"},"phonenum":"9155195701","emailaddr":"nashall4d@friendfeed.com","prod":"Electronics","quantity":7,"price":11.77,"totamt":82.39},
{"sid":1659,"sdate":"2017/01/02","cname":"Parke Pfaff","address":{"street":"4969 Bobwhite Road","state":"KS","zip":"66105"},"phonenum":"9137375625","emailaddr":"ppfaff4e@mac.com","prod":"Outdoors","quantity":2,"price":81.01,"totamt":162.02},
{"sid":1660,"sdate":"2016/06/02","cname":"Gill Maggs","address":{"street":"5557 Bluejay Pass","state":"KY","zip":"40266"},"phonenum":"5025913289","emailaddr":"gmaggs4f@cdbaby.com","prod":"Toys","quantity":21,"price":56.03,"totamt":1176.63},
{"sid":1661,"sdate":"2016/07/02","cname":"Shelli Brockett","address":{"street":"7147 Del Sol Alley","state":"CT","zip":"06505"},"phonenum":"2034665945","emailaddr":"sbrockett4g@webnode.com","prod":"Industrial","quantity":10,"price":9.82,"totamt":98.2},
{"sid":1662,"sdate":"2015/04/19","cname":"Cari Denerley","address":{"street":"8 Cottonwood Plaza","state":"WI","zip":"53779"},"emailaddr":"cdenerley4h@japanpost.jp","prod":"Sports","quantity":6,"price":14.85,"totamt":89.1},
{"sid":1663,"sdate":"2016/08/21","cname":"Eldridge Shulem","address":{"street":"422 Toban Pass","state":"NY","zip":"12262"},"phonenum":"5183932170","prod":"Games","quantity":2,"price":25.45,"totamt":50.9},
{"sid":1664,"sdate":"2017/11/16","cname":"Clemmie Sibbit","address":{"street":"0844 Eagan Crossing","state":"FL","zip":"32803"},"phonenum":"3218059844","emailaddr":"csibbit4j@cbslocal.com","prod":"Books","quantity":12,"price":46.5,"totamt":558.0},
{"sid":1665,"sdate":"2016/07/31","cname":"Filia Spendley","address":{"street":"1404 Gale Avenue","state":"NY","zip":"10024"},"phonenum":"7189374289","prod":"Automotive","quantity":21,"price":81.92,"totamt":1720.32},
{"sid":1666,"sdate":"2015/04/29","cname":"Antoine Ewert","address":{"street":"17 Warrior Hill","state":"OK","zip":"73157"},"phonenum":"4053871838","emailaddr":"aewert4l@boston.com","prod":"Clothing","quantity":24,"price":80.3,"totamt":1927.2},
{"sid":1667,"sdate":"2015/10/28","cname":"Bebe Weightman","address":{"street":"7 Waxwing Parkway","state":"CA","zip":"91328"},"phonenum":"8181196329","emailaddr":"bweightman4m@macromedia.com","prod":"Tools","quantity":10,"price":45.06,"totamt":450.6},
{"sid":1668,"sdate":"2015/08/10","cname":"Tammy Cocozza","address":{"street":"00114 Wayridge Terrace","state":"LA","zip":"70805"},"phonenum":"2259073873","prod":"Toys","quantity":11,"price":88.43,"totamt":972.73},
{"sid":1669,"sdate":"2016/03/24","cname":"Hector Lyal","address":{"state":"AZ","zip":"85072"},"phonenum":"6027812359","emailaddr":"hlyal4o@accuweather.com","prod":"Automotive","quantity":13,"price":11.42,"totamt":148.46},
{"sid":1670,"sdate":"2017/04/12","cname":"Rosanne Bignal","address":{"street":"56988 Division Junction","state":"AZ","zip":"85005"},"phonenum":"6028595149","emailaddr":"rbignal4p@plala.or.jp","prod":"Grocery","quantity":24,"price":13.23,"totamt":317.52},
{"sid":1671,"sdate":"2015/12/10","cname":"Merilyn Branche","address":{"street":"249 Toban Terrace","state":"WV","zip":"25336"},"phonenum":"3045504521","emailaddr":"mbranche4q@posterous.com","prod":"Home","quantity":19,"price":1.57,"totamt":29.83},
{"sid":1672,"sdate":"2015/05/11","cname":"Deedee Baitman","address":{"street":"96 Springview Lane","state":"VA","zip":"22225"},"emailaddr":"dbaitman4r@cloudflare.com","prod":"Computers","quantity":16,"price":32.22,"totamt":515.52},
{"sid":1673,"sdate":"2017/03/31","cname":"Lissi Heskins","address":{"street":"82 Mayfield Circle","state":"TX","zip":"77025"},"phonenum":"8323560102","emailaddr":"lheskins4s@engadget.com","prod":"Garden","quantity":14,"price":71.82,"totamt":1005.48},
{"sid":1674,"sdate":"2016/01/19","cname":"Marta Mc Curlye","address":{"street":"40085 Beilfuss Circle","state":"DC","zip":"20575"},"phonenum":"2029694914","emailaddr":"mmc4t@mysql.com","prod":"Tools","quantity":3,"price":15.11,"totamt":45.33},
{"sid":1675,"sdate":"2017/01/18","cname":"Ellary Surmeyer","address":{"street":"298 Westend Terrace","state":"NY","zip":"14624"},"phonenum":"5857223188","emailaddr":"esurmeyer4u@spotify.com","prod":"Outdoors","quantity":14,"price":45.34,"totamt":634.76},
{"sid":1676,"sdate":"2016/06/06","cname":"Mariellen Draycott","address":{"street":"44 8th Trail","state":"TX","zip":"77030"},"phonenum":"2818914381","emailaddr":"mdraycott4v@hostgator.com","prod":"Beauty","quantity":21,"price":2.1,"totamt":44.1},
{"sid":1677,"sdate":"2016/10/28","cname":"Horton Broadstock","address":{"street":"08922 Arrowood Street","state":"CT","zip":"06726"},"phonenum":"2039296012","emailaddr":"hbroadstock4w@alibaba.com","prod":"Industrial","quantity":21,"price":39.74,"totamt":834.54},
{"sid":1678,"sdate":"2017/06/07","cname":"Pearline Burg","address":{"street":"2290 Texas Terrace","state":"VA","zip":"22333"},"phonenum":"5716415522","emailaddr":"pburg4x@nhs.uk","prod":"Movies","quantity":21,"price":41.39,"totamt":869.19},
{"sid":1679,"sdate":"2017/11/14","cname":"Winonah O'Shea","address":{"street":"814 South Street","state":"KS","zip":"67215"},"phonenum":"3166363143","emailaddr":"woshea4y@icq.com","prod":"Automotive","quantity":9,"price":49.93,"totamt":449.37},
{"sid":1680,"sdate":"2015/09/04","cname":"Berry McLelland","address":{"street":"2 Cottonwood Terrace","state":"CA","zip":"95160"},"phonenum":"4089338372","emailaddr":"bmclelland4z@statcounter.com","prod":"Kids","quantity":7,"price":39.3,"totamt":275.1},
{"sid":1681,"sdate":"2017/03/08","cname":"Laurie Peace","address":{"street":"906 Rockefeller Drive","state":"IN","zip":"46699"},"phonenum":"5742639642","emailaddr":"lpeace50@naver.com","prod":"Outdoors","quantity":8,"price":24.71,"totamt":197.68},
{"sid":1682,"sdate":"2016/05/15","cname":"Ilka Syddie","address":{"street":"492 Ryan Avenue","state":"FL","zip":"34474"},"emailaddr":"isyddie51@illinois.edu","prod":"Baby","quantity":25,"price":94.33,"totamt":2358.25},
{"sid":1683,"sdate":"2015/09/24","cname":"Bee Hawick","address":{"street":"9 Ramsey Road","state":"MI","zip":"48604"},"phonenum":"9895005550","emailaddr":"bhawick52@cafepress.com","prod":"Tools","quantity":15,"price":85.52,"totamt":1282.8},
{"sid":1684,"sdate":"2015/12/14","cname":"Danya Lief","address":{"street":"73 Superior Point","state":"FL","zip":"32610"},"phonenum":"3525896140","prod":"Outdoors","quantity":18,"price":63.93,"totamt":1150.74},
{"sid":1685,"sdate":"2016/05/27","cname":"Novelia Antognetti","address":{"street":"92007 Orin Street","state":"IA","zip":"50369"},"phonenum":"5155452777","prod":"Games","quantity":10,"price":88.75,"totamt":887.5},
{"sid":1686,"sdate":"2015/04/19","cname":"Torrin Hounsom","address":{"street":"0 Stone Corner Alley","state":"IL","zip":"60435"},"phonenum":"8153379417","emailaddr":"thounsom55@com.com","prod":"Books","quantity":8,"price":2.02,"totamt":16.16},
{"sid":1687,"sdate":"2015/02/25","cname":"Irvine Burtwistle","address":{"street":"76 Bartelt Drive","state":"TX","zip":"76305"},"phonenum":"9407661086","prod":"Industrial","quantity":22,"price":43.16,"totamt":949.52},
{"sid":1688,"sdate":"2017/11/14","cname":"Katinka Melato","address":{"street":"870 Walton Plaza","state":"CT","zip":"06140"},"phonenum":"8608346072","emailaddr":"kmelato57@sina.com.cn","prod":"Tools","quantity":17,"price":14.24,"totamt":242.08},
{"sid":1689,"sdate":"2017/07/22","cname":"Pierre Gosdin","address":{"street":"079 Bluestem Alley","state":"AZ","zip":"85062"},"phonenum":"6024357102","emailaddr":"pgosdin58@vinaora.com","prod":"Sports","quantity":24,"price":29.73,"totamt":713.52},
{"sid":1690,"sdate":"2016/03/07","cname":"Borg Clay","address":{"street":"561 Bartillon Court","state":"NY","zip":"10045"},"phonenum":"3478223606","emailaddr":"bclay59@utexas.edu","prod":"Baby","quantity":23,"price":83.48,"totamt":1920.04},
{"sid":1691,"sdate":"2017/09/07","cname":"Olivia Turpey","address":{"state":"AK","zip":"99790"},"phonenum":"9075599352","emailaddr":"oturpey5a@sitemeter.com","prod":"Shoes","quantity":5,"price":89.43,"totamt":447.15},
{"sid":1692,"sdate":"2016/07/07","cname":"Randene Sherrard","address":{"street":"3 Londonderry Pass","state":"LA","zip":"71307"},"phonenum":"3185763585","emailaddr":"rsherrard5b@domainmarket.com","prod":"Games","quantity":23,"price":15.84,"totamt":364.32},
{"sid":1693,"sdate":"2016/01/18","cname":"Domenic Burnitt","address":{"street":"950 Armistice Circle","state":"NV","zip":"89550"},"phonenum":"7757481117","emailaddr":"dburnitt5c@dedecms.com","prod":"Beauty","quantity":8,"price":38.18,"totamt":305.44},
{"sid":1694,"sdate":"2017/11/07","cname":"Laverna Rozanski","address":{"street":"74 Gateway Place","state":"CO","zip":"81010"},"phonenum":"7196290280","prod":"Automotive","quantity":20,"price":34.25,"totamt":685.0},
{"sid":1695,"sdate":"2017/10/20","cname":"Ad Hoogendorp","address":{"street":"5 Barby Court","state":"CA","zip":"94975"},"phonenum":"7076162036","prod":"Clothing","quantity":11,"price":1.09,"totamt":11.99},
{"sid":1696,"sdate":"2017/07/05","cname":"Pauletta Hartridge","address":{"street":"031 Clarendon Circle","state":"SC","zip":"29240"},"phonenum":"8034703590","emailaddr":"phartridge5f@nature.com","prod":"Industrial","quantity":22,"price":12.27,"totamt":269.94},
{"sid":1697,"sdate":"2017/07/19","cname":"Jordanna Richings","address":{"street":"4 Rockefeller Plaza","state":"OK","zip":"74126"},"emailaddr":"jrichings5g@360.cn","prod":"Shoes","quantity":23,"price":61.19,"totamt":1407.37},
{"sid":1698,"sdate":"2015/10/12","cname":"Janessa Sainer","address":{"street":"553 Northview Place","state":"PA","zip":"19093"},"phonenum":"2152359144","emailaddr":"jsainer5h@opera.com","prod":"Outdoors","quantity":5,"price":67.59,"totamt":337.95},
{"sid":1699,"sdate":"2017/02/07","cname":"Falkner Hawler","address":{"street":"4 Independence Road","state":"OH","zip":"44105"},"phonenum":"2165008126","emailaddr":"fhawler5i@oracle.com","prod":"Computers","quantity":6,"price":92.65,"totamt":555.9},
{"sid":1700,"sdate":"2015/09/23","cname":"Augustina Wingeatt","address":{"street":"3282 Veith Point","state":"CA","zip":"90831"},"phonenum":"5621187576","prod":"Outdoors","quantity":3,"price":9.07,"totamt":27.21},
{"sid":1701,"sdate":"2017/12/01","cname":"Terrie Hubner","address":{"street":"31217 Porter Center","state":"FL","zip":"34102"},"phonenum":"9417274108","emailaddr":"thubner5k@sphinn.com","prod":"Kids","quantity":25,"price":99.74,"totamt":2493.5},
{"sid":1702,"sdate":"2015/11/17","cname":"Bride Scoggan","address":{"street":"98312 Morning Park","state":"CA","zip":"92705"},"emailaddr":"bscoggan5l@fema.gov","prod":"Clothing","quantity":15,"price":27.12,"totamt":406.8},
{"sid":1703,"sdate":"2015/05/26","cname":"Dane O'Scandall","address":{"street":"004 Gale Terrace","state":"MO","zip":"65805"},"phonenum":"4179120222","emailaddr":"doscandall5m@amazon.de","prod":"Books","quantity":19,"price":70.96,"totamt":1348.24},
{"sid":1704,"sdate":"2017/09/04","cname":"Reuben Goudard","address":{"street":"8 Pine View Street","state":"WI","zip":"53234"},"phonenum":"4143625242","prod":"Computers","quantity":13,"price":25.83,"totamt":335.79},
{"sid":1705,"sdate":"2015/07/10","cname":"Nanci Skeeles","address":{"street":"2227 Corscot Road","state":"MN","zip":"55115"},"phonenum":"9529168970","emailaddr":"nskeeles5o@infoseek.co.jp","prod":"Movies","quantity":16,"price":39.46,"totamt":631.36},
{"sid":1706,"sdate":"2016/03/01","cname":"Yorgo Jaqueminet","address":{"street":"2915 Veith Point","state":"KY","zip":"40586"},"phonenum":"8599812298","emailaddr":"yjaqueminet5p@accuweather.com","prod":"Clothing","quantity":18,"price":75.37,"totamt":1356.66},
{"sid":1707,"sdate":"2015/01/08","cname":"Ruthanne Yerill","address":{"street":"03 Del Sol Trail","state":"NC","zip":"28289"},"emailaddr":"ryerill5q@marketwatch.com","prod":"Shoes","quantity":13,"price":21.35,"totamt":277.55},
{"sid":1708,"sdate":"2015/02/18","cname":"Salli Sabey","address":{"state":"IN","zip":"46226"},"phonenum":"3176593391","prod":"Garden","quantity":8,"price":46.52,"totamt":372.16},
{"sid":1709,"sdate":"2016/07/12","cname":"Clary De Biaggi","address":{"street":"62 Dryden Drive","state":"MI","zip":"48258"},"emailaddr":"cde5s@typepad.com","prod":"Kids","quantity":24,"price":10.25,"totamt":246.0},
{"sid":1710,"sdate":"2017/12/25","cname":"Aylmar Throughton","address":{"street":"6317 Debra Drive","state":"TX","zip":"79923"},"phonenum":"9157232790","emailaddr":"athroughton5t@elpais.com","prod":"Jewelery","quantity":23,"price":16.03,"totamt":368.69},
{"sid":1711,"sdate":"2015/08/13","cname":"Murielle Huddleston","address":{"street":"3 Claremont Junction","state":"TX","zip":"78225"},"phonenum":"2103610613","emailaddr":"mhuddleston5u@microsoft.com","prod":"Clothing","quantity":23,"price":44.15,"totamt":1015.45},
{"sid":1712,"sdate":"2017/07/03","cname":"Aaron Debow","address":{"street":"764 David Junction","state":"GA","zip":"31132"},"phonenum":"4045055850","emailaddr":"adebow5v@techcrunch.com","prod":"Games","quantity":2,"price":52.52,"totamt":105.04},
{"sid":1713,"sdate":"2015/02/21","cname":"Lazar Blundin","address":{"street":"27477 Service Center","state":"FL","zip":"34233"},"phonenum":"9413629755","emailaddr":"lblundin5w@scribd.com","prod":"Garden","quantity":4,"price":79.76,"totamt":319.04},
{"sid":1714,"sdate":"2017/05/08","cname":"Austen Cornelleau","address":{"street":"7010 Melrose Lane","state":"FL","zip":"32964"},"phonenum":"7723033730","prod":"Computers","quantity":23,"price":98.08,"totamt":2255.84},
{"sid":1715,"sdate":"2015/03/27","cname":"Averill Conor","address":{"street":"48605 Sheridan Parkway","state":"IA","zip":"50362"},"phonenum":"5154285697","emailaddr":"aconor5y@istockphoto.com","prod":"Books","quantity":6,"price":24.25,"totamt":145.5},
{"sid":1716,"sdate":"2017/02/15","cname":"Danyelle Townshend","address":{"street":"24 Ridgeway Center","state":"AL","zip":"36616"},"phonenum":"2514626687","emailaddr":"dtownshend5z@princeton.edu","prod":"Music","quantity":3,"price":97.67,"totamt":293.01},
{"sid":1717,"sdate":"2017/07/28","cname":"Leicester Minelli","address":{"street":"2 Sauthoff Parkway","state":"FL","zip":"34949"},"prod":"Jewelery","quantity":21,"price":92.89,"totamt":1950.69},
{"sid":1718,"sdate":"2015/07/16","cname":"Simonne Rabbitt","address":{"state":"VA","zip":"23203"},"phonenum":"8042011268","emailaddr":"srabbitt61@phoca.cz","prod":"Garden","quantity":25,"price":65.61,"totamt":1640.25},
{"sid":1719,"sdate":"2016/12/02","cname":"Alene Mulligan","address":{"street":"65 8th Drive","state":"VA","zip":"22908"},"phonenum":"4349887334","prod":"Games","quantity":18,"price":59.62,"totamt":1073.16},
{"sid":1720,"sdate":"2017/05/10","cname":"Bee Deesly","address":{"street":"721 Orin Circle","state":"IL","zip":"62764"},"phonenum":"2176096564","emailaddr":"bdeesly63@ycombinator.com","prod":"Baby","quantity":25,"price":91.94,"totamt":2298.5},
{"sid":1721,"sdate":"2015/01/09","cname":"Sephira McLernon","address":{"street":"24 Beilfuss Terrace","state":"TN","zip":"38114"},"emailaddr":"smclernon64@delicious.com","prod":"Outdoors","quantity":22,"price":39.92,"totamt":878.24},
{"sid":1722,"sdate":"2015/07/17","cname":"Albertine Chitham","address":{"street":"61295 Barnett Junction","state":"MN","zip":"55114"},"phonenum":"6514219781","emailaddr":"achitham65@go.com","prod":"Garden","quantity":11,"price":61.29,"totamt":674.19},
{"sid":1723,"sdate":"2015/01/22","cname":"Felita Whitemarsh","address":{"street":"60722 Farragut Court","state":"TX","zip":"76004"},"phonenum":"8172630953","emailaddr":"fwhitemarsh66@scientificamerican.com","prod":"Movies","quantity":25,"price":21.68,"totamt":542.0},
{"sid":1724,"sdate":"2017/10/10","cname":"Claudine MacKissack","address":{"street":"70503 Elmside Trail","state":"FL","zip":"33245"},"phonenum":"7869144120","emailaddr":"cmackissack67@weather.com","prod":"Electronics","quantity":21,"price":43.91,"totamt":922.11},
{"sid":1725,"sdate":"2017/04/28","cname":"Aurie Crookston","address":{"street":"6 Mcbride Way","state":"GA","zip":"30311"},"phonenum":"6787877703","emailaddr":"acrookston68@123-reg.co.uk","prod":"Industrial","quantity":10,"price":48.27,"totamt":482.7},
{"sid":1726,"sdate":"2017/05/10","cname":"Page Ffrench","address":{"street":"07025 Lakeland Avenue","state":"MA","zip":"02283"},"phonenum":"9783581116","prod":"Jewelery","quantity":21,"price":1.8,"totamt":37.8},
{"sid":1727,"sdate":"2016/01/26","cname":"Avictor Leblanc","address":{"street":"4 Sheridan Place","state":"TX","zip":"77260"},"phonenum":"7139028352","emailaddr":"aleblanc6a@jugem.jp","prod":"Industrial","quantity":21,"price":51.42,"totamt":1079.82},
{"sid":1728,"sdate":"2017/09/12","cname":"Kellen Ledrun","address":{"street":"2 Mallory Center","state":"MS","zip":"39705"},"phonenum":"6623125099","emailaddr":"kledrun6b@mozilla.com","prod":"Home","quantity":18,"price":43.5,"totamt":783.0},
{"sid":1729,"sdate":"2015/03/30","cname":"Madelaine Cartan","address":{"street":"5 Karstens Parkway","state":"TX","zip":"77386"},"emailaddr":"mcartan6c@rakuten.co.jp","prod":"Automotive","quantity":9,"price":79.43,"totamt":714.87},
{"sid":1730,"sdate":"2015/12/28","cname":"Alla Tordoff","address":{"street":"7830 Fallview Trail","state":"GA","zip":"31217"},"phonenum":"4782650643","emailaddr":"atordoff6d@rediff.com","prod":"Beauty","quantity":14,"price":17.65,"totamt":247.1},
{"sid":1731,"sdate":"2016/11/14","cname":"Tad Habbes","address":{"street":"7755 Barnett Point","state":"FL","zip":"32520"},"phonenum":"8507961022","emailaddr":"thabbes6e@booking.com","prod":"Beauty","quantity":23,"price":46.1,"totamt":1060.3},
{"sid":1732,"sdate":"2015/05/01","cname":"Brittany Oneil","address":{"street":"2560 Mesta Circle","state":"AL","zip":"36125"},"phonenum":"3341992181","prod":"Kids","quantity":16,"price":94.31,"totamt":1508.96},
{"sid":1733,"sdate":"2017/01/12","cname":"Alf Pulham","address":{"street":"377 Forster Lane","state":"MI","zip":"49018"},"phonenum":"2692020090","prod":"Garden","quantity":6,"price":60.7,"totamt":364.2},
{"sid":1734,"sdate":"2016/07/10","cname":"Letisha Conaghy","address":{"street":"504 Quincy Lane","state":"MA","zip":"02109"},"phonenum":"6173382879","emailaddr":"lconaghy6h@webs.com","prod":"Music","quantity":1,"price":55.9,"totamt":55.9},
{"sid":1735,"sdate":"2017/09/30","cname":"Derry Ladbrooke","address":{"street":"80791 Summerview Place","state":"MD","zip":"20910"},"emailaddr":"dladbrooke6i@stanford.edu","prod":"Games","quantity":3,"price":72.43,"totamt":217.29},
{"sid":1736,"sdate":"2017/06/11","cname":"Gill Stammler","address":{"street":"996 Dixon Court","state":"AL","zip":"36605"},"phonenum":"2512394689","emailaddr":"gstammler6j@tamu.edu","prod":"Music","quantity":7,"price":92.09,"totamt":644.63},
{"sid":1737,"sdate":"2017/09/26","cname":"Pyotr Mingaye","address":{"street":"3 Elmside Plaza","state":"VA","zip":"22111"},"phonenum":"4345278599","emailaddr":"pmingaye6k@sciencedaily.com","prod":"Home","quantity":21,"price":24.28,"totamt":509.88},
{"sid":1738,"sdate":"2017/11/08","cname":"Althea Arnould","address":{"street":"368 Buena Vista Crossing","state":"FL","zip":"34135"},"phonenum":"9415720145","emailaddr":"aarnould6l@fotki.com","prod":"Tools","quantity":22,"price":43.96,"totamt":967.12},
{"sid":1739,"sdate":"2016/09/26","cname":"Sheba Lineker","address":{"street":"23375 Hollow Ridge Circle","state":"TX","zip":"76110"},"phonenum":"6825381104","emailaddr":"slineker6m@ameblo.jp","prod":"Electronics","quantity":3,"price":46.13,"totamt":138.39},
{"sid":1740,"sdate":"2015/12/30","cname":"Johnna Hanse","address":{"street":"066 John Wall Lane","state":"AL","zip":"36628"},"phonenum":"2517302770","prod":"Beauty","quantity":16,"price":95.63,"totamt":1530.08},
{"sid":1741,"sdate":"2015/10/08","cname":"Marys Delong","address":{"street":"180 Golf Course Junction","state":"NY","zip":"10606"},"phonenum":"8457939008","emailaddr":"mdelong6o@ebay.com","prod":"Books","quantity":8,"price":58.26,"totamt":466.08},
{"sid":1742,"sdate":"2017/07/31","cname":"Terence Nisot","address":{"street":"00772 Killdeer Center","state":"MD","zip":"20904"},"phonenum":"7039442547","prod":"Tools","quantity":7,"price":84.06,"totamt":588.42},
{"sid":1743,"sdate":"2015/06/15","cname":"Moise Klainman","address":{"street":"83502 Ruskin Pass","state":"TN","zip":"37235"},"phonenum":"6151638073","emailaddr":"mklainman6q@homestead.com","prod":"Electronics","quantity":13,"price":33.14,"totamt":430.82},
{"sid":1744,"sdate":"2015/07/23","cname":"Minnie Ellaway","address":{"street":"9258 Killdeer Road","state":"AZ","zip":"85015"},"phonenum":"4804538667","emailaddr":"mellaway6r@yellowbook.com","prod":"Beauty","quantity":18,"price":84.27,"totamt":1516.86},
{"sid":1745,"sdate":"2015/03/02","cname":"Jackelyn Pascoe","address":{"street":"80 Prairie Rose Road","state":"CO","zip":"80638"},"emailaddr":"jpascoe6s@xing.com","prod":"Industrial","quantity":5,"price":24.46,"totamt":122.3},
{"sid":1746,"sdate":"2017/06/25","cname":"Alys Mariner","address":{"street":"726 Golf Course Circle","state":"TX","zip":"78703"},"phonenum":"5121404827","emailaddr":"amariner6t@oaic.gov.au","prod":"Garden","quantity":14,"price":7.9,"totamt":110.6},
{"sid":1747,"sdate":"2015/12/10","cname":"Grissel Cutmere","address":{"street":"47 Pepper Wood Junction","state":"OK","zip":"73114"},"phonenum":"4052878838","prod":"Tools","quantity":16,"price":73.01,"totamt":1168.16},
{"sid":1748,"sdate":"2017/12/04","cname":"Dwight Wallsam","address":{"street":"61127 Algoma Crossing","state":"CA","zip":"90101"},"phonenum":"2136823893","emailaddr":"dwallsam6v@webnode.com","prod":"Electronics","quantity":20,"price":44.13,"totamt":882.6},
{"sid":1749,"sdate":"2015/03/07","cname":"Caterina Garbutt","address":{"street":"954 Luster Court","state":"TX","zip":"78778"},"phonenum":"5123868995","prod":"Industrial","quantity":14,"price":44.88,"totamt":628.32},
{"sid":1750,"sdate":"2016/01/09","cname":"Evanne Riep","address":{"street":"7 Orin Terrace","state":"VA","zip":"23504"},"phonenum":"7577205749","emailaddr":"eriep6x@surveymonkey.com","prod":"Clothing","quantity":10,"price":82.37,"totamt":823.7}]